ContextType,ContextLabel,TargetModel,Dose,MeanPIER,StdPIER,NumEvalPoints,NumFitPoints,ContextRawSize
length,len_long_(>15),BERT,0.0,0.05508893158170695,0.15988868772875708,100,1000,561
length,len_long_(>15),BERT,0.1,0.06775573732099788,0.17062695863450655,100,1000,561
length,len_long_(>15),BERT,0.2,0.09385408732869827,0.1905861470810488,100,1000,561
length,len_long_(>15),BERT,0.30000000000000004,0.1288741230221074,0.14833083177332332,100,1000,561
length,len_long_(>15),BERT,0.4,0.14456119194289255,0.17989027713328273,100,1000,561
length,len_long_(>15),BERT,0.5,0.1437449542642337,0.16724619400119167,100,1000,561
length,len_long_(>15),BERT,0.6000000000000001,0.17678585079006523,0.18362092143628922,100,1000,561
length,len_long_(>15),BERT,0.7000000000000001,0.16759925795718292,0.19606240603280137,100,1000,561
length,len_long_(>15),BERT,0.8,0.17927450089102479,0.13977474502071854,100,1000,561
length,len_long_(>15),BERT,0.9,0.219267464297359,0.126168585174685,100,1000,561
length,len_long_(>15),DistilBERT,0.0,0.41308531837403095,0.23088827774108006,100,1000,561
length,len_long_(>15),DistilBERT,0.1,0.40853890314983815,0.17583399832952892,100,1000,561
length,len_long_(>15),DistilBERT,0.2,0.38132854684017287,0.1721535559579191,100,1000,561
length,len_long_(>15),DistilBERT,0.30000000000000004,0.10434496728381547,0.09798608458116176,100,1000,561
length,len_long_(>15),DistilBERT,0.4,0.09988724446398738,0.06451932691008573,100,1000,561
length,len_long_(>15),DistilBERT,0.5,0.11596085704789263,0.09087273708683054,100,1000,561
length,len_long_(>15),DistilBERT,0.6000000000000001,0.13225881139315412,0.10859909206981687,100,1000,561
length,len_long_(>15),DistilBERT,0.7000000000000001,0.1707103698428966,0.11646906620846022,100,1000,561
length,len_long_(>15),DistilBERT,0.8,0.25985355009386346,0.12785098417487126,100,1000,561
length,len_long_(>15),DistilBERT,0.9,0.3514679527021044,0.10088241717098902,100,1000,561
length,len_long_(>15),RoBERTa,0.0,0.03384678990173279,0.0986191613199295,100,1000,561
length,len_long_(>15),RoBERTa,0.1,0.04190711714623219,0.10856983794117324,100,1000,561
length,len_long_(>15),RoBERTa,0.2,0.07437490229277327,0.14729042582330767,100,1000,561
length,len_long_(>15),RoBERTa,0.30000000000000004,0.09576918265159129,0.1669484934456408,100,1000,561
length,len_long_(>15),RoBERTa,0.4,0.10832606886912208,0.17416883293005117,100,1000,561
length,len_long_(>15),RoBERTa,0.5,0.12116716839125669,0.185260943889247,100,1000,561
length,len_long_(>15),RoBERTa,0.6000000000000001,0.14783546138518797,0.19034463973856594,100,1000,561
length,len_long_(>15),RoBERTa,0.7000000000000001,0.14016723930223773,0.17424339170777275,100,1000,561
length,len_long_(>15),RoBERTa,0.8,0.15465890413723524,0.1354920719375861,100,1000,561
length,len_long_(>15),RoBERTa,0.9,0.17274087847819877,0.14696046943370109,100,1000,561
length,len_long_(>15),ALBERT,0.0,0.25182053645305996,0.14244515542716127,100,1000,561
length,len_long_(>15),ALBERT,0.1,0.2456551596194111,0.11615109434924271,100,1000,561
length,len_long_(>15),ALBERT,0.2,0.24603090173146117,0.1221018447985531,100,1000,561
length,len_long_(>15),ALBERT,0.30000000000000004,0.20366268508722019,0.07850528590912749,100,1000,561
length,len_long_(>15),ALBERT,0.4,0.19379244386884534,0.08726570037071947,100,1000,561
length,len_long_(>15),ALBERT,0.5,0.17699203728579394,0.08297599855811677,100,1000,561
length,len_long_(>15),ALBERT,0.6000000000000001,0.18050415271346767,0.09772103796415656,100,1000,561
length,len_long_(>15),ALBERT,0.7000000000000001,0.1545989265775374,0.10646998104461626,100,1000,561
length,len_long_(>15),ALBERT,0.8,0.12383379542511666,0.0956060879314128,100,1000,561
length,len_long_(>15),ALBERT,0.9,0.11348327102182566,0.11210224850199728,100,1000,561
length,len_long_(>15),XLNet,0.0,0.07308190221444474,0.08465218819409355,100,1000,561
length,len_long_(>15),XLNet,0.1,0.07844776609911698,0.09268435035086116,100,1000,561
length,len_long_(>15),XLNet,0.2,0.09435030393145018,0.1080567669051006,100,1000,561
length,len_long_(>15),XLNet,0.30000000000000004,0.14115749069688352,0.1328788375804626,100,1000,561
length,len_long_(>15),XLNet,0.4,0.1505052806763315,0.14257795821765812,100,1000,561
length,len_long_(>15),XLNet,0.5,0.1336877333557189,0.14262294247702023,100,1000,561
length,len_long_(>15),XLNet,0.6000000000000001,0.13586500691743306,0.13268744082533193,100,1000,561
length,len_long_(>15),XLNet,0.7000000000000001,0.1383771019739051,0.14150834098005943,100,1000,561
length,len_long_(>15),XLNet,0.8,0.144553768506111,0.11379759442812708,100,1000,561
length,len_long_(>15),XLNet,0.9,0.18143050994778526,0.11896713976111234,100,1000,561
length,len_medium_(8-15),BERT,0.0,0.07170230829804862,0.19857024376489665,100,1000,246
length,len_medium_(8-15),BERT,0.1,0.0817140477637413,0.2051066874155502,100,1000,246
length,len_medium_(8-15),BERT,0.2,0.08355017087100049,0.19411741241792205,100,1000,246
length,len_medium_(8-15),BERT,0.30000000000000004,0.11156967549166823,0.16582691450282822,100,1000,246
length,len_medium_(8-15),BERT,0.4,0.1329334897200119,0.1582102749980402,100,1000,246
length,len_medium_(8-15),BERT,0.5,0.13434826620100296,0.1508824522105797,100,1000,246
length,len_medium_(8-15),BERT,0.6000000000000001,0.15646642044482856,0.1847935334144543,100,1000,246
length,len_medium_(8-15),BERT,0.7000000000000001,0.17268486337967315,0.17503567632255793,100,1000,246
length,len_medium_(8-15),BERT,0.8,0.17487962673064467,0.15258195759501345,100,1000,246
length,len_medium_(8-15),BERT,0.9,0.18455341857767502,0.151828481742806,100,1000,246
length,len_medium_(8-15),DistilBERT,0.0,0.4087570662154542,0.23207320874325743,100,1000,246
length,len_medium_(8-15),DistilBERT,0.1,0.429527844564929,0.18225941030009193,100,1000,246
length,len_medium_(8-15),DistilBERT,0.2,0.42101747010584584,0.15465382091891144,100,1000,246
length,len_medium_(8-15),DistilBERT,0.30000000000000004,0.22385246004414244,0.20271049309829278,100,1000,246
length,len_medium_(8-15),DistilBERT,0.4,0.07773460569230166,0.06573942197388175,100,1000,246
length,len_medium_(8-15),DistilBERT,0.5,0.0992886294426767,0.0907935309513567,100,1000,246
length,len_medium_(8-15),DistilBERT,0.6000000000000001,0.10100638857845469,0.08042934577255209,100,1000,246
length,len_medium_(8-15),DistilBERT,0.7000000000000001,0.10675130064107582,0.0900295332835053,100,1000,246
length,len_medium_(8-15),DistilBERT,0.8,0.18066596952407477,0.11504874636502511,100,1000,246
length,len_medium_(8-15),DistilBERT,0.9,0.22451022123481124,0.13324080414660663,100,1000,246
length,len_medium_(8-15),RoBERTa,0.0,0.054690013428119154,0.16561247570145504,100,1000,246
length,len_medium_(8-15),RoBERTa,0.1,0.058257401703316974,0.15968119276105106,100,1000,246
length,len_medium_(8-15),RoBERTa,0.2,0.05880297586333445,0.15235343520229694,100,1000,246
length,len_medium_(8-15),RoBERTa,0.30000000000000004,0.08310008012063844,0.16790684695999866,100,1000,246
length,len_medium_(8-15),RoBERTa,0.4,0.08991002218433321,0.1759555303221526,100,1000,246
length,len_medium_(8-15),RoBERTa,0.5,0.12126187425408079,0.19787335516599178,100,1000,246
length,len_medium_(8-15),RoBERTa,0.6000000000000001,0.11714139017413076,0.1611648677166752,100,1000,246
length,len_medium_(8-15),RoBERTa,0.7000000000000001,0.13468779025825892,0.17594697251258726,100,1000,246
length,len_medium_(8-15),RoBERTa,0.8,0.13707607080094758,0.1515926247267109,100,1000,246
length,len_medium_(8-15),RoBERTa,0.9,0.2010314010900237,0.13466087529736828,100,1000,246
length,len_medium_(8-15),ALBERT,0.0,0.2357770366516135,0.13628894075504577,100,1000,246
length,len_medium_(8-15),ALBERT,0.1,0.2553694551292309,0.11347337801246965,100,1000,246
length,len_medium_(8-15),ALBERT,0.2,0.25183567768346554,0.09819469764182615,100,1000,246
length,len_medium_(8-15),ALBERT,0.30000000000000004,0.20970464703163302,0.11057791681076247,100,1000,246
length,len_medium_(8-15),ALBERT,0.4,0.19743162217940546,0.0861110887998539,100,1000,246
length,len_medium_(8-15),ALBERT,0.5,0.19337019541213007,0.09095530437663446,100,1000,246
length,len_medium_(8-15),ALBERT,0.6000000000000001,0.16243109065760092,0.09128613539789535,100,1000,246
length,len_medium_(8-15),ALBERT,0.7000000000000001,0.16432401015500436,0.09846581715089323,100,1000,246
length,len_medium_(8-15),ALBERT,0.8,0.13686939373887774,0.09900605790851813,100,1000,246
length,len_medium_(8-15),ALBERT,0.9,0.11003447092859808,0.08378723838330253,100,1000,246
length,len_medium_(8-15),XLNet,0.0,0.056384329721909404,0.1312934423602866,100,1000,246
length,len_medium_(8-15),XLNet,0.1,0.0602899752864267,0.13578566078087143,100,1000,246
length,len_medium_(8-15),XLNet,0.2,0.069004757230176,0.14390423373604774,100,1000,246
length,len_medium_(8-15),XLNet,0.30000000000000004,0.10394016173417071,0.15976260544181564,100,1000,246
length,len_medium_(8-15),XLNet,0.4,0.12073565287177282,0.1554682421479124,100,1000,246
length,len_medium_(8-15),XLNet,0.5,0.1389883871233865,0.1750476287471604,100,1000,246
length,len_medium_(8-15),XLNet,0.6000000000000001,0.11553974344817132,0.1482123404294672,100,1000,246
length,len_medium_(8-15),XLNet,0.7000000000000001,0.138102686723289,0.1470749482061427,100,1000,246
length,len_medium_(8-15),XLNet,0.8,0.13487789197152233,0.13716003432624185,100,1000,246
length,len_medium_(8-15),XLNet,0.9,0.15892605326017453,0.11720696037051627,100,1000,246
sentiment,sent_strong_negative_(p<=0.2),BERT,0.0,0.06031980370376257,0.1561070174645198,100,1000,406
sentiment,sent_strong_negative_(p<=0.2),BERT,0.1,0.06214703944683775,0.13921228811144865,100,1000,406
sentiment,sent_strong_negative_(p<=0.2),BERT,0.2,0.06571411408655108,0.12940766053233135,100,1000,406
sentiment,sent_strong_negative_(p<=0.2),BERT,0.30000000000000004,0.12406588144638667,0.16311474342810212,100,1000,406
sentiment,sent_strong_negative_(p<=0.2),BERT,0.4,0.13959671515053113,0.15878488187511064,100,1000,406
sentiment,sent_strong_negative_(p<=0.2),BERT,0.5,0.18186301992127774,0.17664897060100793,100,1000,406
sentiment,sent_strong_negative_(p<=0.2),BERT,0.6000000000000001,0.17755560594793715,0.180502802188108,100,1000,406
sentiment,sent_strong_negative_(p<=0.2),BERT,0.7000000000000001,0.19636588384458306,0.17916859873795032,100,1000,406
sentiment,sent_strong_negative_(p<=0.2),BERT,0.8,0.22931341827255097,0.16756596621757838,100,1000,406
sentiment,sent_strong_negative_(p<=0.2),BERT,0.9,0.22457355320005415,0.16141519367262208,100,1000,406
sentiment,sent_strong_negative_(p<=0.2),DistilBERT,0.0,0.3360387162907879,0.21196316056561704,100,1000,406
sentiment,sent_strong_negative_(p<=0.2),DistilBERT,0.1,0.3434321958647931,0.18457963218116574,100,1000,406
sentiment,sent_strong_negative_(p<=0.2),DistilBERT,0.2,0.3559405909934108,0.14795383431206952,100,1000,406
sentiment,sent_strong_negative_(p<=0.2),DistilBERT,0.30000000000000004,0.18029699795558815,0.15161314013878022,100,1000,406
sentiment,sent_strong_negative_(p<=0.2),DistilBERT,0.4,0.11171533324792084,0.1070045519671021,100,1000,406
sentiment,sent_strong_negative_(p<=0.2),DistilBERT,0.5,0.10316488055293678,0.08604093838923964,100,1000,406
sentiment,sent_strong_negative_(p<=0.2),DistilBERT,0.6000000000000001,0.11777189201620467,0.09532098749552038,100,1000,406
sentiment,sent_strong_negative_(p<=0.2),DistilBERT,0.7000000000000001,0.14813148596887493,0.11340212997143591,100,1000,406
sentiment,sent_strong_negative_(p<=0.2),DistilBERT,0.8,0.22030505463667122,0.13401837669014505,100,1000,406
sentiment,sent_strong_negative_(p<=0.2),DistilBERT,0.9,0.30385163361669987,0.12524921990765803,100,1000,406
sentiment,sent_strong_negative_(p<=0.2),RoBERTa,0.0,0.038116008541270896,0.11441166543442571,100,1000,406
sentiment,sent_strong_negative_(p<=0.2),RoBERTa,0.1,0.040268167596613426,0.1356883639549306,100,1000,406
sentiment,sent_strong_negative_(p<=0.2),RoBERTa,0.2,0.07269908702314598,0.15167788797285528,100,1000,406
sentiment,sent_strong_negative_(p<=0.2),RoBERTa,0.30000000000000004,0.09297525420793726,0.17639597523013523,100,1000,406
sentiment,sent_strong_negative_(p<=0.2),RoBERTa,0.4,0.10406093689898882,0.1829258556739584,100,1000,406
sentiment,sent_strong_negative_(p<=0.2),RoBERTa,0.5,0.1383228399344856,0.18614069217966694,100,1000,406
sentiment,sent_strong_negative_(p<=0.2),RoBERTa,0.6000000000000001,0.12872908444614922,0.17640960224255536,100,1000,406
sentiment,sent_strong_negative_(p<=0.2),RoBERTa,0.7000000000000001,0.1469159033050439,0.1533292431866345,100,1000,406
sentiment,sent_strong_negative_(p<=0.2),RoBERTa,0.8,0.15882956978508841,0.137149009988523,100,1000,406
sentiment,sent_strong_negative_(p<=0.2),RoBERTa,0.9,0.19250784424267361,0.14290909750556013,100,1000,406
sentiment,sent_strong_negative_(p<=0.2),ALBERT,0.0,0.19946307877778524,0.1298262234405,100,1000,406
sentiment,sent_strong_negative_(p<=0.2),ALBERT,0.1,0.2119636125872342,0.11227927114423421,100,1000,406
sentiment,sent_strong_negative_(p<=0.2),ALBERT,0.2,0.23419877737971057,0.11135856386522366,100,1000,406
sentiment,sent_strong_negative_(p<=0.2),ALBERT,0.30000000000000004,0.19506809165698719,0.11078472482090404,100,1000,406
sentiment,sent_strong_negative_(p<=0.2),ALBERT,0.4,0.18179548656228456,0.0864234886976132,100,1000,406
sentiment,sent_strong_negative_(p<=0.2),ALBERT,0.5,0.1605504411264433,0.08470550368455898,100,1000,406
sentiment,sent_strong_negative_(p<=0.2),ALBERT,0.6000000000000001,0.16024693579064395,0.09365056593559906,100,1000,406
sentiment,sent_strong_negative_(p<=0.2),ALBERT,0.7000000000000001,0.16889741479194403,0.10058387558597248,100,1000,406
sentiment,sent_strong_negative_(p<=0.2),ALBERT,0.8,0.13938270163812982,0.11003236749537727,100,1000,406
sentiment,sent_strong_negative_(p<=0.2),ALBERT,0.9,0.14504082428323267,0.1140424258744745,100,1000,406
sentiment,sent_strong_negative_(p<=0.2),XLNet,0.0,0.08212632407682538,0.1123601477244519,100,1000,406
sentiment,sent_strong_negative_(p<=0.2),XLNet,0.1,0.09165304295593685,0.12679475516450178,100,1000,406
sentiment,sent_strong_negative_(p<=0.2),XLNet,0.2,0.10521511259447695,0.13027075204836036,100,1000,406
sentiment,sent_strong_negative_(p<=0.2),XLNet,0.30000000000000004,0.1337660940871933,0.1420225367039892,100,1000,406
sentiment,sent_strong_negative_(p<=0.2),XLNet,0.4,0.13649975085707797,0.1359282529257074,100,1000,406
sentiment,sent_strong_negative_(p<=0.2),XLNet,0.5,0.14765056222602538,0.12251081463132121,100,1000,406
sentiment,sent_strong_negative_(p<=0.2),XLNet,0.6000000000000001,0.13473608715494267,0.1203983113340698,100,1000,406
sentiment,sent_strong_negative_(p<=0.2),XLNet,0.7000000000000001,0.1387273727844986,0.12554796879319507,100,1000,406
sentiment,sent_strong_negative_(p<=0.2),XLNet,0.8,0.13865980577548925,0.11837113310813777,100,1000,406
sentiment,sent_strong_negative_(p<=0.2),XLNet,0.9,0.14719952665822997,0.11214874155612428,100,1000,406
sentiment,sent_strong_positive_(p>=0.8),BERT,0.0,0.05864285892151946,0.16019121497436495,100,1000,438
sentiment,sent_strong_positive_(p>=0.8),BERT,0.1,0.07667415995260207,0.19088590908478095,100,1000,438
sentiment,sent_strong_positive_(p>=0.8),BERT,0.2,0.11789278300324867,0.2340439040547084,100,1000,438
sentiment,sent_strong_positive_(p>=0.8),BERT,0.30000000000000004,0.11962418413993962,0.15895051449393982,100,1000,438
sentiment,sent_strong_positive_(p>=0.8),BERT,0.4,0.15356289663110728,0.19081840659962906,100,1000,438
sentiment,sent_strong_positive_(p>=0.8),BERT,0.5,0.1714881673050584,0.21753705129265533,100,1000,438
sentiment,sent_strong_positive_(p>=0.8),BERT,0.6000000000000001,0.18546215939396407,0.18954170235604956,100,1000,438
sentiment,sent_strong_positive_(p>=0.8),BERT,0.7000000000000001,0.16664126977044588,0.16163017732164425,100,1000,438
sentiment,sent_strong_positive_(p>=0.8),BERT,0.8,0.19648289449291823,0.16159188265720995,100,1000,438
sentiment,sent_strong_positive_(p>=0.8),BERT,0.9,0.2159980163664531,0.14614934926041795,100,1000,438
sentiment,sent_strong_positive_(p>=0.8),DistilBERT,0.0,0.49284882335073715,0.22053842696017734,100,1000,438
sentiment,sent_strong_positive_(p>=0.8),DistilBERT,0.1,0.4801220536086042,0.17783428260474402,100,1000,438
sentiment,sent_strong_positive_(p>=0.8),DistilBERT,0.2,0.454102493204749,0.19020027009725593,100,1000,438
sentiment,sent_strong_positive_(p>=0.8),DistilBERT,0.30000000000000004,0.12683186924137063,0.14134901858551135,100,1000,438
sentiment,sent_strong_positive_(p>=0.8),DistilBERT,0.4,0.07755986052217156,0.06916732487554016,100,1000,438
sentiment,sent_strong_positive_(p>=0.8),DistilBERT,0.5,0.10244715614268628,0.07801506088698511,100,1000,438
sentiment,sent_strong_positive_(p>=0.8),DistilBERT,0.6000000000000001,0.1319875758950921,0.10518545552352666,100,1000,438
sentiment,sent_strong_positive_(p>=0.8),DistilBERT,0.7000000000000001,0.16541020346172733,0.11871861188199812,100,1000,438
sentiment,sent_strong_positive_(p>=0.8),DistilBERT,0.8,0.22718253726364362,0.12652660680585734,100,1000,438
sentiment,sent_strong_positive_(p>=0.8),DistilBERT,0.9,0.2955021245954642,0.11873294798656674,100,1000,438
sentiment,sent_strong_positive_(p>=0.8),RoBERTa,0.0,0.04824059650462321,0.14323397512206482,100,1000,438
sentiment,sent_strong_positive_(p>=0.8),RoBERTa,0.1,0.06785695592644651,0.1888604982202007,100,1000,438
sentiment,sent_strong_positive_(p>=0.8),RoBERTa,0.2,0.09661493803251123,0.22530076278251712,100,1000,438
sentiment,sent_strong_positive_(p>=0.8),RoBERTa,0.30000000000000004,0.0951078944669756,0.18116646422260363,100,1000,438
sentiment,sent_strong_positive_(p>=0.8),RoBERTa,0.4,0.14326785884584395,0.21496401030448586,100,1000,438
sentiment,sent_strong_positive_(p>=0.8),RoBERTa,0.5,0.14442089404739722,0.20150665190276945,100,1000,438
sentiment,sent_strong_positive_(p>=0.8),RoBERTa,0.6000000000000001,0.13885533166591538,0.16886653069967048,100,1000,438
sentiment,sent_strong_positive_(p>=0.8),RoBERTa,0.7000000000000001,0.13238311082963836,0.15565901501654747,100,1000,438
sentiment,sent_strong_positive_(p>=0.8),RoBERTa,0.8,0.1364962194998098,0.1389522478966126,100,1000,438
sentiment,sent_strong_positive_(p>=0.8),RoBERTa,0.9,0.18018691820387203,0.13457263901401037,100,1000,438
sentiment,sent_strong_positive_(p>=0.8),ALBERT,0.0,0.27466912949875044,0.12965010852875444,100,1000,438
sentiment,sent_strong_positive_(p>=0.8),ALBERT,0.1,0.2634589892199303,0.10491091944904472,100,1000,438
sentiment,sent_strong_positive_(p>=0.8),ALBERT,0.2,0.2619993881875761,0.10703371971419094,100,1000,438
sentiment,sent_strong_positive_(p>=0.8),ALBERT,0.30000000000000004,0.22486276257663537,0.0920868975280561,100,1000,438
sentiment,sent_strong_positive_(p>=0.8),ALBERT,0.4,0.2145338873173753,0.09165252829603852,100,1000,438
sentiment,sent_strong_positive_(p>=0.8),ALBERT,0.5,0.18495430951384734,0.09450750401743593,100,1000,438
sentiment,sent_strong_positive_(p>=0.8),ALBERT,0.6000000000000001,0.17564122270145424,0.10436470535412036,100,1000,438
sentiment,sent_strong_positive_(p>=0.8),ALBERT,0.7000000000000001,0.16104918432928528,0.10430313549840137,100,1000,438
sentiment,sent_strong_positive_(p>=0.8),ALBERT,0.8,0.13080959255873945,0.10771161415422706,100,1000,438
sentiment,sent_strong_positive_(p>=0.8),ALBERT,0.9,0.09317459962726866,0.08727989182801808,100,1000,438
sentiment,sent_strong_positive_(p>=0.8),XLNet,0.0,0.07246653697544427,0.0998479291262026,100,1000,438
sentiment,sent_strong_positive_(p>=0.8),XLNet,0.1,0.08424245309045465,0.12733976460706703,100,1000,438
sentiment,sent_strong_positive_(p>=0.8),XLNet,0.2,0.11569113565850563,0.16387504480791107,100,1000,438
sentiment,sent_strong_positive_(p>=0.8),XLNet,0.30000000000000004,0.14381775839527017,0.1468228546190495,100,1000,438
sentiment,sent_strong_positive_(p>=0.8),XLNet,0.4,0.16764096365462502,0.15601693997476612,100,1000,438
sentiment,sent_strong_positive_(p>=0.8),XLNet,0.5,0.15648309428486706,0.14142774774313488,100,1000,438
sentiment,sent_strong_positive_(p>=0.8),XLNet,0.6000000000000001,0.16737838901865357,0.15098847721992215,100,1000,438
sentiment,sent_strong_positive_(p>=0.8),XLNet,0.7000000000000001,0.148794868951062,0.1581738480618527,100,1000,438
sentiment,sent_strong_positive_(p>=0.8),XLNet,0.8,0.1384131861233647,0.11928239265764773,100,1000,438
sentiment,sent_strong_positive_(p>=0.8),XLNet,0.9,0.15434018320913137,0.10396006022580975,100,1000,438
negation,has_negation,BERT,0.0,0.07365102467941716,0.15153349630069063,99,980,197
negation,has_negation,BERT,0.1,0.12395884405961277,0.22302288943168347,99,980,197
negation,has_negation,BERT,0.2,0.10435924263856662,0.18809908653455906,99,980,197
negation,has_negation,BERT,0.30000000000000004,0.1696123999621915,0.18146059460154054,99,980,197
negation,has_negation,BERT,0.4,0.18132543598856865,0.1801678514222367,99,980,197
negation,has_negation,BERT,0.5,0.18826846352058382,0.17483740543429696,99,980,197
negation,has_negation,BERT,0.6000000000000001,0.21429051448896147,0.17903257667546663,99,980,197
negation,has_negation,BERT,0.7000000000000001,0.2099105706398475,0.1653205605228383,99,980,197
negation,has_negation,BERT,0.8,0.21208757275440124,0.15972982037258823,99,980,197
negation,has_negation,BERT,0.9,0.2505533241463971,0.14554120114780314,99,980,197
negation,has_negation,DistilBERT,0.0,0.4016290977497821,0.22879430775008708,99,980,197
negation,has_negation,DistilBERT,0.1,0.3955458285502217,0.17440181880113026,99,980,197
negation,has_negation,DistilBERT,0.2,0.3551979437788244,0.16715541844068374,99,980,197
negation,has_negation,DistilBERT,0.30000000000000004,0.09891853246488823,0.09967633308186336,99,980,197
negation,has_negation,DistilBERT,0.4,0.10595523222867795,0.08677675525893423,99,980,197
negation,has_negation,DistilBERT,0.5,0.10126950165739361,0.0836872104502979,99,980,197
negation,has_negation,DistilBERT,0.6000000000000001,0.1203325578438212,0.1019020597129498,99,980,197
negation,has_negation,DistilBERT,0.7000000000000001,0.1703752853291562,0.1220743502637315,99,980,197
negation,has_negation,DistilBERT,0.8,0.28133664942953046,0.13372239894529325,99,980,197
negation,has_negation,DistilBERT,0.9,0.3336243893217571,0.10196126957220511,99,980,197
negation,has_negation,RoBERTa,0.0,0.059678005731844806,0.14696747710615832,99,980,197
negation,has_negation,RoBERTa,0.1,0.08159312369784057,0.14969071505411577,99,980,197
negation,has_negation,RoBERTa,0.2,0.09198930992841126,0.17290345843888902,99,980,197
negation,has_negation,RoBERTa,0.30000000000000004,0.11612659410585871,0.17536187914667187,99,980,197
negation,has_negation,RoBERTa,0.4,0.12644602452666057,0.17442919940813548,99,980,197
negation,has_negation,RoBERTa,0.5,0.1488232124346565,0.1912365723203244,99,980,197
negation,has_negation,RoBERTa,0.6000000000000001,0.16818704826763134,0.19210064947750885,99,980,197
negation,has_negation,RoBERTa,0.7000000000000001,0.14891015934757262,0.1490600585836974,99,980,197
negation,has_negation,RoBERTa,0.8,0.14294507757533279,0.1223464057318417,99,980,197
negation,has_negation,RoBERTa,0.9,0.1817605945710811,0.12990776351152486,99,980,197
negation,has_negation,ALBERT,0.0,0.23945592435705965,0.15414430739148693,99,980,197
negation,has_negation,ALBERT,0.1,0.25339515180507577,0.1297530941269712,99,980,197
negation,has_negation,ALBERT,0.2,0.22404875020959733,0.10972837888195625,99,980,197
negation,has_negation,ALBERT,0.30000000000000004,0.18330290629460605,0.07864586879499925,99,980,197
negation,has_negation,ALBERT,0.4,0.18105714570166573,0.07544581766566888,99,980,197
negation,has_negation,ALBERT,0.5,0.16716436871826343,0.08252564598641626,99,980,197
negation,has_negation,ALBERT,0.6000000000000001,0.15880490749517792,0.08984994682676328,99,980,197
negation,has_negation,ALBERT,0.7000000000000001,0.13102005601931177,0.08368767324234055,99,980,197
negation,has_negation,ALBERT,0.8,0.15160099302626245,0.1203313995712448,99,980,197
negation,has_negation,ALBERT,0.9,0.1088608775796689,0.10620477841661392,99,980,197
negation,has_negation,XLNet,0.0,0.11148425948561204,0.1572312579884,99,980,197
negation,has_negation,XLNet,0.1,0.12156606125946684,0.15602298220986438,99,980,197
negation,has_negation,XLNet,0.2,0.1317586745504013,0.1543413200175804,99,980,197
negation,has_negation,XLNet,0.30000000000000004,0.15819041425703276,0.14968604047328998,99,980,197
negation,has_negation,XLNet,0.4,0.16537048542470317,0.1261084601376509,99,980,197
negation,has_negation,XLNet,0.5,0.16689384150891856,0.15216955702132173,99,980,197
negation,has_negation,XLNet,0.6000000000000001,0.19454598343623358,0.16434623970669363,99,980,197
negation,has_negation,XLNet,0.7000000000000001,0.1655084477525492,0.14861241944866552,99,980,197
negation,has_negation,XLNet,0.8,0.1311360413486457,0.09611639681334329,99,980,197
negation,has_negation,XLNet,0.9,0.15589630119830597,0.10215543709911543,99,980,197
negation,no_negation,BERT,0.0,0.03945922063409868,0.1388353631069776,100,1000,675
negation,no_negation,BERT,0.1,0.035612214339125085,0.10047134896097691,100,1000,675
negation,no_negation,BERT,0.2,0.045112151483650706,0.12043474225478179,100,1000,675
negation,no_negation,BERT,0.30000000000000004,0.06564926478056896,0.0911251493231625,100,1000,675
negation,no_negation,BERT,0.4,0.10588419826622193,0.14089974412195697,100,1000,675
negation,no_negation,BERT,0.5,0.1307756266063072,0.18206419258924045,100,1000,675
negation,no_negation,BERT,0.6000000000000001,0.1644174349635133,0.1783877409167642,100,1000,675
negation,no_negation,BERT,0.7000000000000001,0.14121546678062571,0.1476280621308072,100,1000,675
negation,no_negation,BERT,0.8,0.1956129038231005,0.17607448932971684,100,1000,675
negation,no_negation,BERT,0.9,0.20764543682634035,0.14807316248791327,100,1000,675
negation,no_negation,DistilBERT,0.0,0.4059464638926204,0.229664184528524,100,1000,675
negation,no_negation,DistilBERT,0.1,0.41249012671696383,0.1936526095536426,100,1000,675
negation,no_negation,DistilBERT,0.2,0.41761697138956744,0.18603661296688237,100,1000,675
negation,no_negation,DistilBERT,0.30000000000000004,0.19921572761174403,0.1879638660024778,100,1000,675
negation,no_negation,DistilBERT,0.4,0.12564553961219152,0.12497538126441607,100,1000,675
negation,no_negation,DistilBERT,0.5,0.11534563376337814,0.09025860922591186,100,1000,675
negation,no_negation,DistilBERT,0.6000000000000001,0.13087358002382435,0.109140340356771,100,1000,675
negation,no_negation,DistilBERT,0.7000000000000001,0.18662706301094276,0.12593557806538697,100,1000,675
negation,no_negation,DistilBERT,0.8,0.212201371246769,0.14491158025092546,100,1000,675
negation,no_negation,DistilBERT,0.9,0.2907155691400732,0.135479720480084,100,1000,675
negation,no_negation,RoBERTa,0.0,0.03443838568802535,0.13323692664502304,100,1000,675
negation,no_negation,RoBERTa,0.1,0.03595739345553337,0.10123383073003785,100,1000,675
negation,no_negation,RoBERTa,0.2,0.040716373104880944,0.12037333396549488,100,1000,675
negation,no_negation,RoBERTa,0.30000000000000004,0.04720493729861395,0.11051324256762235,100,1000,675
negation,no_negation,RoBERTa,0.4,0.07164500534853642,0.1484229045808614,100,1000,675
negation,no_negation,RoBERTa,0.5,0.07840523817151775,0.10985461500539916,100,1000,675
negation,no_negation,RoBERTa,0.6000000000000001,0.11664811647133325,0.17483773384581322,100,1000,675
negation,no_negation,RoBERTa,0.7000000000000001,0.10209878535937687,0.1378099017047312,100,1000,675
negation,no_negation,RoBERTa,0.8,0.13906619339609969,0.13352089129608516,100,1000,675
negation,no_negation,RoBERTa,0.9,0.14966344364616055,0.1435589559161202,100,1000,675
negation,no_negation,ALBERT,0.0,0.23253760445234012,0.1472483443689502,100,1000,675
negation,no_negation,ALBERT,0.1,0.2323287847010806,0.12165324355400264,100,1000,675
negation,no_negation,ALBERT,0.2,0.24333860920426673,0.10395724940917517,100,1000,675
negation,no_negation,ALBERT,0.30000000000000004,0.22310316981469813,0.08972948273475924,100,1000,675
negation,no_negation,ALBERT,0.4,0.20323399485248245,0.08547583595830392,100,1000,675
negation,no_negation,ALBERT,0.5,0.1853514086969565,0.09886492755132607,100,1000,675
negation,no_negation,ALBERT,0.6000000000000001,0.17956995842521167,0.0936920111086649,100,1000,675
negation,no_negation,ALBERT,0.7000000000000001,0.1825824819768189,0.10487217808789778,100,1000,675
negation,no_negation,ALBERT,0.8,0.14501687636619714,0.10994066213530385,100,1000,675
negation,no_negation,ALBERT,0.9,0.12491829759072798,0.1113219719241142,100,1000,675
negation,no_negation,XLNet,0.0,0.047927422349207084,0.11492917973659382,100,1000,675
negation,no_negation,XLNet,0.1,0.057450774921627604,0.12611019925813216,100,1000,675
negation,no_negation,XLNet,0.2,0.05923603536043459,0.10674772384613918,100,1000,675
negation,no_negation,XLNet,0.30000000000000004,0.08816003794349263,0.11650822639496246,100,1000,675
negation,no_negation,XLNet,0.4,0.11621239838046993,0.10913284939328262,100,1000,675
negation,no_negation,XLNet,0.5,0.11446644301114174,0.10145519567542088,100,1000,675
negation,no_negation,XLNet,0.6000000000000001,0.1446645215554445,0.15800300691280963,100,1000,675
negation,no_negation,XLNet,0.7000000000000001,0.10046597778471632,0.09297739160115145,100,1000,675
negation,no_negation,XLNet,0.8,0.12827517710755335,0.10997409456920587,100,1000,675
negation,no_negation,XLNet,0.9,0.15433782775147314,0.10914947492842672,100,1000,675
