ContextType,ContextLabel,TargetModel,Dose,MeanDisagreement,StdDisagreement,NumPoints,ContextRawSize
length,len_long_(>15),BERT,0.0,0.1563013397343093,0.11898584367696717,200,561
length,len_long_(>15),BERT,0.1,0.1649201329378411,0.10893663763399061,200,561
length,len_long_(>15),BERT,0.2,0.18243393043216202,0.12182435240429558,200,561
length,len_long_(>15),BERT,0.30000000000000004,0.25584485945946656,0.0722035605948875,200,561
length,len_long_(>15),BERT,0.4,0.27467240735815723,0.10548727000924316,200,561
length,len_long_(>15),BERT,0.5,0.264138866720823,0.09701063420154792,200,561
length,len_long_(>15),BERT,0.6000000000000001,0.28545686732119063,0.11113839007110807,200,561
length,len_long_(>15),BERT,0.7000000000000001,0.29583059533601047,0.11617392125806582,200,561
length,len_long_(>15),BERT,0.8,0.323399529500748,0.11549039490682442,200,561
length,len_long_(>15),BERT,0.9,0.3860057639691513,0.12563569271896777,200,561
length,len_long_(>15),DistilBERT,0.0,0.43717933657997493,0.21731374302707016,200,561
length,len_long_(>15),DistilBERT,0.1,0.44400661796440544,0.1523681646540583,200,561
length,len_long_(>15),DistilBERT,0.2,0.4266975997781992,0.13195493955227072,200,561
length,len_long_(>15),DistilBERT,0.30000000000000004,0.34950811561313455,0.11344625225300932,200,561
length,len_long_(>15),DistilBERT,0.4,0.3374116064113332,0.11325718400904834,200,561
length,len_long_(>15),DistilBERT,0.5,0.33283755318167096,0.13996429367214977,200,561
length,len_long_(>15),DistilBERT,0.6000000000000001,0.3416691832068318,0.1456170457295219,200,561
length,len_long_(>15),DistilBERT,0.7000000000000001,0.37756188784420375,0.17705286391315656,200,561
length,len_long_(>15),DistilBERT,0.8,0.4297027738101315,0.202469688895954,200,561
length,len_long_(>15),DistilBERT,0.9,0.5368112715688766,0.18793238776915955,200,561
length,len_long_(>15),RoBERTa,0.0,0.15287175401605055,0.10662031446822724,200,561
length,len_long_(>15),RoBERTa,0.1,0.16322387031541438,0.10161070062500563,200,561
length,len_long_(>15),RoBERTa,0.2,0.18217306828679283,0.11509118289553606,200,561
length,len_long_(>15),RoBERTa,0.30000000000000004,0.2629065963079483,0.07671886915008132,200,561
length,len_long_(>15),RoBERTa,0.4,0.27326423344566136,0.08827082991188684,200,561
length,len_long_(>15),RoBERTa,0.5,0.2751210114701098,0.09312869790310337,200,561
length,len_long_(>15),RoBERTa,0.6000000000000001,0.2923605470986513,0.10356222181095055,200,561
length,len_long_(>15),RoBERTa,0.7000000000000001,0.28540576815517854,0.09191293203561693,200,561
length,len_long_(>15),RoBERTa,0.8,0.31447290755924767,0.10595689465882932,200,561
length,len_long_(>15),RoBERTa,0.9,0.36645388658798767,0.10411804910863354,200,561
length,len_long_(>15),ALBERT,0.0,0.16795560351893074,0.12870925166953845,200,561
length,len_long_(>15),ALBERT,0.1,0.17303732151325676,0.11630397140387029,200,561
length,len_long_(>15),ALBERT,0.2,0.1979092454813508,0.13614986179984928,200,561
length,len_long_(>15),ALBERT,0.30000000000000004,0.3508628030085674,0.07741428859418666,200,561
length,len_long_(>15),ALBERT,0.4,0.35566978896677026,0.07844442603891849,200,561
length,len_long_(>15),ALBERT,0.5,0.33944599330330677,0.08828707230993638,200,561
length,len_long_(>15),ALBERT,0.6000000000000001,0.3412000908945629,0.08331802028860746,200,561
length,len_long_(>15),ALBERT,0.7000000000000001,0.34096428501579795,0.09014465105094581,200,561
length,len_long_(>15),ALBERT,0.8,0.318857002989389,0.09586735228371338,200,561
length,len_long_(>15),ALBERT,0.9,0.33764133746211883,0.0813380408395531,200,561
length,len_long_(>15),XLNet,0.0,0.15283459965325163,0.10040880170296887,200,561
length,len_long_(>15),XLNet,0.1,0.16170992328021383,0.09701101342587594,200,561
length,len_long_(>15),XLNet,0.2,0.1767488889339438,0.10472798819949201,200,561
length,len_long_(>15),XLNet,0.30000000000000004,0.25967802743180074,0.07337402760108727,200,561
length,len_long_(>15),XLNet,0.4,0.27303996192727936,0.09223773617713339,200,561
length,len_long_(>15),XLNet,0.5,0.26407016794910304,0.09009361507884737,200,561
length,len_long_(>15),XLNet,0.6000000000000001,0.26969007972133113,0.08242886001916085,200,561
length,len_long_(>15),XLNet,0.7000000000000001,0.27035106512732454,0.08905148514669498,200,561
length,len_long_(>15),XLNet,0.8,0.26728530664287975,0.0831318868332914,200,561
length,len_long_(>15),XLNet,0.9,0.29192384478810707,0.07327501674813224,200,561
length,len_medium_(8-15),BERT,0.0,0.16398858387845394,0.15006201081177814,200,246
length,len_medium_(8-15),BERT,0.1,0.167773978930054,0.13252744808106914,200,246
length,len_medium_(8-15),BERT,0.2,0.1713137313084735,0.11884079029297372,200,246
length,len_medium_(8-15),BERT,0.30000000000000004,0.22735108284316083,0.09848100111151861,200,246
length,len_medium_(8-15),BERT,0.4,0.2665285192362353,0.08308907556637848,200,246
length,len_medium_(8-15),BERT,0.5,0.2667739088799135,0.09069839455801897,200,246
length,len_medium_(8-15),BERT,0.6000000000000001,0.2846965960316447,0.11084285436569358,200,246
length,len_medium_(8-15),BERT,0.7000000000000001,0.27366396788616837,0.11646234150592659,200,246
length,len_medium_(8-15),BERT,0.8,0.2811166329747357,0.10700781342645731,200,246
length,len_medium_(8-15),BERT,0.9,0.29161005071990076,0.1113799970330703,200,246
length,len_medium_(8-15),DistilBERT,0.0,0.44660921356087785,0.2218336059095665,200,246
length,len_medium_(8-15),DistilBERT,0.1,0.4506877364855609,0.16817359626310643,200,246
length,len_medium_(8-15),DistilBERT,0.2,0.4472153491458448,0.12907771822687536,200,246
length,len_medium_(8-15),DistilBERT,0.30000000000000004,0.38945613268682794,0.12622587606304395,200,246
length,len_medium_(8-15),DistilBERT,0.4,0.3510654636899562,0.10156015233152796,200,246
length,len_medium_(8-15),DistilBERT,0.5,0.34131188333936735,0.11659407544527857,200,246
length,len_medium_(8-15),DistilBERT,0.6000000000000001,0.3468788839987974,0.13155797318664228,200,246
length,len_medium_(8-15),DistilBERT,0.7000000000000001,0.3023264469179412,0.13815154198719132,200,246
length,len_medium_(8-15),DistilBERT,0.8,0.3556024909905682,0.18204346394345808,200,246
length,len_medium_(8-15),DistilBERT,0.9,0.3807284776054439,0.20154262276072077,200,246
length,len_medium_(8-15),RoBERTa,0.0,0.15191156361725006,0.11604321069036473,200,246
length,len_medium_(8-15),RoBERTa,0.1,0.1600123410719243,0.11578727720670642,200,246
length,len_medium_(8-15),RoBERTa,0.2,0.16196254410599067,0.09254374763717997,200,246
length,len_medium_(8-15),RoBERTa,0.30000000000000004,0.2281290205915866,0.09677406616255466,200,246
length,len_medium_(8-15),RoBERTa,0.4,0.26923918583568596,0.08253131179189009,200,246
length,len_medium_(8-15),RoBERTa,0.5,0.27447008146729784,0.08780088616118288,200,246
length,len_medium_(8-15),RoBERTa,0.6000000000000001,0.28015184603362286,0.08524386045700953,200,246
length,len_medium_(8-15),RoBERTa,0.7000000000000001,0.2616188290341961,0.09656257605009784,200,246
length,len_medium_(8-15),RoBERTa,0.8,0.27531267219615985,0.10170394688573971,200,246
length,len_medium_(8-15),RoBERTa,0.9,0.3212338988753618,0.10275866733236848,200,246
length,len_medium_(8-15),ALBERT,0.0,0.1538281404575173,0.1117282738615609,200,246
length,len_medium_(8-15),ALBERT,0.1,0.160278051869318,0.10684470466088297,200,246
length,len_medium_(8-15),ALBERT,0.2,0.16924107919854578,0.10321909773697965,200,246
length,len_medium_(8-15),ALBERT,0.30000000000000004,0.2850494619748497,0.12436064087964006,200,246
length,len_medium_(8-15),ALBERT,0.4,0.35893809487657563,0.07856649808061744,200,246
length,len_medium_(8-15),ALBERT,0.5,0.350400263108022,0.08447487447981976,200,246
length,len_medium_(8-15),ALBERT,0.6000000000000001,0.339255300054283,0.08798902180207513,200,246
length,len_medium_(8-15),ALBERT,0.7000000000000001,0.30657760756519564,0.1034717342402787,200,246
length,len_medium_(8-15),ALBERT,0.8,0.3061351303711126,0.10599084993590502,200,246
length,len_medium_(8-15),ALBERT,0.9,0.293416923629411,0.09924390150591123,200,246
length,len_medium_(8-15),XLNet,0.0,0.14700830179306648,0.1006606982872892,200,246
length,len_medium_(8-15),XLNet,0.1,0.15646097774326337,0.09768794402165315,200,246
length,len_medium_(8-15),XLNet,0.2,0.16479233541504074,0.09719868786539528,200,246
length,len_medium_(8-15),XLNet,0.30000000000000004,0.23165591664015664,0.10343524310020609,200,246
length,len_medium_(8-15),XLNet,0.4,0.2714808233585791,0.08560576759397324,200,246
length,len_medium_(8-15),XLNet,0.5,0.2692034110140958,0.07747646930893227,200,246
length,len_medium_(8-15),XLNet,0.6000000000000001,0.26610918347316326,0.08592406855800257,200,246
length,len_medium_(8-15),XLNet,0.7000000000000001,0.25100054823822576,0.08714287149266568,200,246
length,len_medium_(8-15),XLNet,0.8,0.24642704649973893,0.08670523037999953,200,246
length,len_medium_(8-15),XLNet,0.9,0.2453231904625136,0.08169137979900157,200,246
sentiment,sent_strong_negative_(p<=0.2),BERT,0.0,0.13182356995988811,0.11782396396872585,200,406
sentiment,sent_strong_negative_(p<=0.2),BERT,0.1,0.1457688106050773,0.10934924143083855,200,406
sentiment,sent_strong_negative_(p<=0.2),BERT,0.2,0.16474169898789115,0.10584669451566346,200,406
sentiment,sent_strong_negative_(p<=0.2),BERT,0.30000000000000004,0.21961662173718652,0.09410607958839229,200,406
sentiment,sent_strong_negative_(p<=0.2),BERT,0.4,0.23756654309741862,0.08656565930002849,200,406
sentiment,sent_strong_negative_(p<=0.2),BERT,0.5,0.25483002040491554,0.1021818477924274,200,406
sentiment,sent_strong_negative_(p<=0.2),BERT,0.6000000000000001,0.24772821274280432,0.10125187072908086,200,406
sentiment,sent_strong_negative_(p<=0.2),BERT,0.7000000000000001,0.2513652053894475,0.11058243840437802,200,406
sentiment,sent_strong_negative_(p<=0.2),BERT,0.8,0.3054313960816944,0.1311242405397361,200,406
sentiment,sent_strong_negative_(p<=0.2),BERT,0.9,0.34114783727294706,0.14152346019498313,200,406
sentiment,sent_strong_negative_(p<=0.2),DistilBERT,0.0,0.3525532559207932,0.19835669016085758,200,406
sentiment,sent_strong_negative_(p<=0.2),DistilBERT,0.1,0.3726513795128267,0.14248557287315908,200,406
sentiment,sent_strong_negative_(p<=0.2),DistilBERT,0.2,0.3809052659113149,0.10781464001997841,200,406
sentiment,sent_strong_negative_(p<=0.2),DistilBERT,0.30000000000000004,0.32118160769019594,0.10794193600964455,200,406
sentiment,sent_strong_negative_(p<=0.2),DistilBERT,0.4,0.31049570808856514,0.10446367083013554,200,406
sentiment,sent_strong_negative_(p<=0.2),DistilBERT,0.5,0.30329678715977937,0.10363190466177817,200,406
sentiment,sent_strong_negative_(p<=0.2),DistilBERT,0.6000000000000001,0.29974296665692235,0.12116609973458789,200,406
sentiment,sent_strong_negative_(p<=0.2),DistilBERT,0.7000000000000001,0.27781342456582936,0.12445083851330267,200,406
sentiment,sent_strong_negative_(p<=0.2),DistilBERT,0.8,0.36430143847537694,0.19586961604441652,200,406
sentiment,sent_strong_negative_(p<=0.2),DistilBERT,0.9,0.43302672329758934,0.19964949229510778,200,406
sentiment,sent_strong_negative_(p<=0.2),RoBERTa,0.0,0.1272222988332942,0.10409190958643476,200,406
sentiment,sent_strong_negative_(p<=0.2),RoBERTa,0.1,0.14203612623998196,0.10171263642635767,200,406
sentiment,sent_strong_negative_(p<=0.2),RoBERTa,0.2,0.1705551914347234,0.11426872012549345,200,406
sentiment,sent_strong_negative_(p<=0.2),RoBERTa,0.30000000000000004,0.22888582972558652,0.09662115021010498,200,406
sentiment,sent_strong_negative_(p<=0.2),RoBERTa,0.4,0.252852769984529,0.09842351634785008,200,406
sentiment,sent_strong_negative_(p<=0.2),RoBERTa,0.5,0.26732460365783484,0.10763989313345429,200,406
sentiment,sent_strong_negative_(p<=0.2),RoBERTa,0.6000000000000001,0.27283692649827573,0.10700637746806739,200,406
sentiment,sent_strong_negative_(p<=0.2),RoBERTa,0.7000000000000001,0.2541148739003984,0.10119482545534247,200,406
sentiment,sent_strong_negative_(p<=0.2),RoBERTa,0.8,0.29242977783520474,0.11667874305919178,200,406
sentiment,sent_strong_negative_(p<=0.2),RoBERTa,0.9,0.33246809921089154,0.11024980400911927,200,406
sentiment,sent_strong_negative_(p<=0.2),ALBERT,0.0,0.13506759838619473,0.10854323059272125,200,406
sentiment,sent_strong_negative_(p<=0.2),ALBERT,0.1,0.15066295320910286,0.11100275333806045,200,406
sentiment,sent_strong_negative_(p<=0.2),ALBERT,0.2,0.18041919560168027,0.13052552867386052,200,406
sentiment,sent_strong_negative_(p<=0.2),ALBERT,0.30000000000000004,0.29228222696398004,0.09711368481145828,200,406
sentiment,sent_strong_negative_(p<=0.2),ALBERT,0.4,0.31346876438867183,0.06992591378432254,200,406
sentiment,sent_strong_negative_(p<=0.2),ALBERT,0.5,0.30999361776586737,0.07049727938655546,200,406
sentiment,sent_strong_negative_(p<=0.2),ALBERT,0.6000000000000001,0.3078502875327831,0.08230208884942436,200,406
sentiment,sent_strong_negative_(p<=0.2),ALBERT,0.7000000000000001,0.2898758619185537,0.0890434339692001,200,406
sentiment,sent_strong_negative_(p<=0.2),ALBERT,0.8,0.3007035690144403,0.09287391180330369,200,406
sentiment,sent_strong_negative_(p<=0.2),ALBERT,0.9,0.30303498379355004,0.08140262171666561,200,406
sentiment,sent_strong_negative_(p<=0.2),XLNet,0.0,0.12879055274654092,0.10495254223375533,200,406
sentiment,sent_strong_negative_(p<=0.2),XLNet,0.1,0.14418812566131237,0.10542071429597846,200,406
sentiment,sent_strong_negative_(p<=0.2),XLNet,0.2,0.16686491336731707,0.1042461431065401,200,406
sentiment,sent_strong_negative_(p<=0.2),XLNet,0.30000000000000004,0.22416555531919585,0.09392827086667951,200,406
sentiment,sent_strong_negative_(p<=0.2),XLNet,0.4,0.2403280373571033,0.08288045189136584,200,406
sentiment,sent_strong_negative_(p<=0.2),XLNet,0.5,0.25022136223509733,0.08995554420960124,200,406
sentiment,sent_strong_negative_(p<=0.2),XLNet,0.6000000000000001,0.2502673471083108,0.09463618720013231,200,406
sentiment,sent_strong_negative_(p<=0.2),XLNet,0.7000000000000001,0.23296738649034524,0.09660827752846408,200,406
sentiment,sent_strong_negative_(p<=0.2),XLNet,0.8,0.2600076037782128,0.10018667758855812,200,406
sentiment,sent_strong_negative_(p<=0.2),XLNet,0.9,0.2610445097864431,0.07826937712918516,200,406
sentiment,sent_strong_positive_(p>=0.8),BERT,0.0,0.1918791999761015,0.13472333373924839,200,438
sentiment,sent_strong_positive_(p>=0.8),BERT,0.1,0.19402188365231268,0.12425192639980655,200,438
sentiment,sent_strong_positive_(p>=0.8),BERT,0.2,0.20852715411616374,0.12115002553250061,200,438
sentiment,sent_strong_positive_(p>=0.8),BERT,0.30000000000000004,0.27510384228022305,0.08109714084287939,200,438
sentiment,sent_strong_positive_(p>=0.8),BERT,0.4,0.30488521984167166,0.09883212599370976,200,438
sentiment,sent_strong_positive_(p>=0.8),BERT,0.5,0.31375127598410474,0.10849759607672992,200,438
sentiment,sent_strong_positive_(p>=0.8),BERT,0.6000000000000001,0.31747785390238276,0.11989230012446594,200,438
sentiment,sent_strong_positive_(p>=0.8),BERT,0.7000000000000001,0.3194251125041046,0.1193115290355157,200,438
sentiment,sent_strong_positive_(p>=0.8),BERT,0.8,0.33937535625183957,0.12593106141916913,200,438
sentiment,sent_strong_positive_(p>=0.8),BERT,0.9,0.37552622371760663,0.13107108616462113,200,438
sentiment,sent_strong_positive_(p>=0.8),DistilBERT,0.0,0.5365288835996762,0.21202904287323837,200,438
sentiment,sent_strong_positive_(p>=0.8),DistilBERT,0.1,0.5243557951779804,0.16053928026013395,200,438
sentiment,sent_strong_positive_(p>=0.8),DistilBERT,0.2,0.5110539043358585,0.13821668603277912,200,438
sentiment,sent_strong_positive_(p>=0.8),DistilBERT,0.30000000000000004,0.4193128312715271,0.11483896717957312,200,438
sentiment,sent_strong_positive_(p>=0.8),DistilBERT,0.4,0.386291546105349,0.11380582618930404,200,438
sentiment,sent_strong_positive_(p>=0.8),DistilBERT,0.5,0.3895077691145707,0.13734930429712536,200,438
sentiment,sent_strong_positive_(p>=0.8),DistilBERT,0.6000000000000001,0.3758237535780063,0.152760881375953,200,438
sentiment,sent_strong_positive_(p>=0.8),DistilBERT,0.7000000000000001,0.39497174291434933,0.17641899229683064,200,438
sentiment,sent_strong_positive_(p>=0.8),DistilBERT,0.8,0.43746759515343003,0.1947880188882735,200,438
sentiment,sent_strong_positive_(p>=0.8),DistilBERT,0.9,0.5058285839768359,0.20353019718991577,200,438
sentiment,sent_strong_positive_(p>=0.8),RoBERTa,0.0,0.17918676874018274,0.10606537261987727,200,438
sentiment,sent_strong_positive_(p>=0.8),RoBERTa,0.1,0.19248211476020516,0.12162209047142009,200,438
sentiment,sent_strong_positive_(p>=0.8),RoBERTa,0.2,0.2082382701788447,0.12924932045279533,200,438
sentiment,sent_strong_positive_(p>=0.8),RoBERTa,0.30000000000000004,0.27329568335189836,0.08162754984686915,200,438
sentiment,sent_strong_positive_(p>=0.8),RoBERTa,0.4,0.3047082408939605,0.08421609333578074,200,438
sentiment,sent_strong_positive_(p>=0.8),RoBERTa,0.5,0.30591486962191994,0.08329382323819734,200,438
sentiment,sent_strong_positive_(p>=0.8),RoBERTa,0.6000000000000001,0.29391024717187975,0.08148622562868688,200,438
sentiment,sent_strong_positive_(p>=0.8),RoBERTa,0.7000000000000001,0.30636331901943775,0.09596048984465488,200,438
sentiment,sent_strong_positive_(p>=0.8),RoBERTa,0.8,0.30897539271361896,0.0907093373753825,200,438
sentiment,sent_strong_positive_(p>=0.8),RoBERTa,0.9,0.353847466505249,0.09505378775338173,200,438
sentiment,sent_strong_positive_(p>=0.8),ALBERT,0.0,0.1961801778152585,0.13600389703704083,200,438
sentiment,sent_strong_positive_(p>=0.8),ALBERT,0.1,0.19754068319511134,0.12569645102918994,200,438
sentiment,sent_strong_positive_(p>=0.8),ALBERT,0.2,0.21534152983993407,0.12252999763296592,200,438
sentiment,sent_strong_positive_(p>=0.8),ALBERT,0.30000000000000004,0.36727051847716213,0.0962078681150944,200,438
sentiment,sent_strong_positive_(p>=0.8),ALBERT,0.4,0.37499998998915546,0.08228051694935275,200,438
sentiment,sent_strong_positive_(p>=0.8),ALBERT,0.5,0.36861533076618797,0.09053856927908104,200,438
sentiment,sent_strong_positive_(p>=0.8),ALBERT,0.6000000000000001,0.3509332676272606,0.10100503772396377,200,438
sentiment,sent_strong_positive_(p>=0.8),ALBERT,0.7000000000000001,0.3390006372568314,0.10166986452614403,200,438
sentiment,sent_strong_positive_(p>=0.8),ALBERT,0.8,0.33658802116144215,0.09988038141822794,200,438
sentiment,sent_strong_positive_(p>=0.8),ALBERT,0.9,0.3262892996758455,0.0901424139583699,200,438
sentiment,sent_strong_positive_(p>=0.8),XLNet,0.0,0.1775120479625184,0.09943992401302602,200,438
sentiment,sent_strong_positive_(p>=0.8),XLNet,0.1,0.1838831636973191,0.09524508652260431,200,438
sentiment,sent_strong_positive_(p>=0.8),XLNet,0.2,0.20582672883130726,0.11426491816647441,200,438
sentiment,sent_strong_positive_(p>=0.8),XLNet,0.30000000000000004,0.2719968954513024,0.07746515792807823,200,438
sentiment,sent_strong_positive_(p>=0.8),XLNet,0.4,0.29933556797273925,0.07507375796743254,200,438
sentiment,sent_strong_positive_(p>=0.8),XLNet,0.5,0.2972677040504641,0.08798584440149168,200,438
sentiment,sent_strong_positive_(p>=0.8),XLNet,0.6000000000000001,0.2872209354647202,0.09231364645133033,200,438
sentiment,sent_strong_positive_(p>=0.8),XLNet,0.7000000000000001,0.28391717002697986,0.0954865087535002,200,438
sentiment,sent_strong_positive_(p>=0.8),XLNet,0.8,0.282487154325645,0.0811647951179122,200,438
sentiment,sent_strong_positive_(p>=0.8),XLNet,0.9,0.28604982306365856,0.08636781776324172,200,438
negation,has_negation,BERT,0.0,0.16349766766913218,0.12803803575504594,197,197
negation,has_negation,BERT,0.1,0.18678104492584846,0.14998428309066078,197,197
negation,has_negation,BERT,0.2,0.1945653854971465,0.1452169451137142,197,197
negation,has_negation,BERT,0.30000000000000004,0.2675631378095084,0.11557056805656947,197,197
negation,has_negation,BERT,0.4,0.2697475047184179,0.11384173740522406,197,197
negation,has_negation,BERT,0.5,0.2803854840394845,0.130574539863331,197,197
negation,has_negation,BERT,0.6000000000000001,0.2821853949032726,0.1190986665626867,197,197
negation,has_negation,BERT,0.7000000000000001,0.2862370488123654,0.12332951116722037,197,197
negation,has_negation,BERT,0.8,0.3108972016908701,0.13129841146023,197,197
negation,has_negation,BERT,0.9,0.3694886565267529,0.1404640666680181,197,197
negation,has_negation,DistilBERT,0.0,0.40293711007951355,0.21410122865922818,197,197
negation,has_negation,DistilBERT,0.1,0.41211657601598944,0.15706172979499436,197,197
negation,has_negation,DistilBERT,0.2,0.4015133865748258,0.1419429403769666,197,197
negation,has_negation,DistilBERT,0.30000000000000004,0.3367845327473721,0.10563744175967787,197,197
negation,has_negation,DistilBERT,0.4,0.3275290776891687,0.11295262732628672,197,197
negation,has_negation,DistilBERT,0.5,0.3136842868894783,0.12235338574395843,197,197
negation,has_negation,DistilBERT,0.6000000000000001,0.3115922836888213,0.12630650705774962,197,197
negation,has_negation,DistilBERT,0.7000000000000001,0.33502156512388076,0.17443548337458453,197,197
negation,has_negation,DistilBERT,0.8,0.3875334482937862,0.204696499344821,197,197
negation,has_negation,DistilBERT,0.9,0.4876930703371196,0.1911159192726304,197,197
negation,has_negation,RoBERTa,0.0,0.16299870795456411,0.12746646251788207,197,197
negation,has_negation,RoBERTa,0.1,0.17652858806115712,0.12215744406710996,197,197
negation,has_negation,RoBERTa,0.2,0.19740433355882442,0.13844268959599199,197,197
negation,has_negation,RoBERTa,0.30000000000000004,0.27358685985049774,0.10521851982667448,197,197
negation,has_negation,RoBERTa,0.4,0.27981438945215387,0.1021855655456235,197,197
negation,has_negation,RoBERTa,0.5,0.2842266018897458,0.11548108954070543,197,197
negation,has_negation,RoBERTa,0.6000000000000001,0.27994241242989576,0.10814576371057817,197,197
negation,has_negation,RoBERTa,0.7000000000000001,0.28751899522101637,0.1132713831926518,197,197
negation,has_negation,RoBERTa,0.8,0.29185925443452276,0.10558221675974422,197,197
negation,has_negation,RoBERTa,0.9,0.3512762173795174,0.1147180367230942,197,197
negation,has_negation,ALBERT,0.0,0.173434622725494,0.14199323593021992,197,197
negation,has_negation,ALBERT,0.1,0.18646833001323362,0.13885530590269235,197,197
negation,has_negation,ALBERT,0.2,0.19931475955244363,0.12543144377649362,197,197
negation,has_negation,ALBERT,0.30000000000000004,0.3335419127569583,0.08048464972558654,197,197
negation,has_negation,ALBERT,0.4,0.3386812955960259,0.07180174065556627,197,197
negation,has_negation,ALBERT,0.5,0.32318937935367664,0.07982681110634315,197,197
negation,has_negation,ALBERT,0.6000000000000001,0.3217381942174563,0.07794025733817232,197,197
negation,has_negation,ALBERT,0.7000000000000001,0.301543554992428,0.09942338672242579,197,197
negation,has_negation,ALBERT,0.8,0.316836238193425,0.09293600250464593,197,197
negation,has_negation,ALBERT,0.9,0.3195418661654109,0.08097441428636841,197,197
negation,has_negation,XLNet,0.0,0.16497107885549256,0.13761364418344155,197,197
negation,has_negation,XLNet,0.1,0.17604585516945812,0.12708797153181772,197,197
negation,has_negation,XLNet,0.2,0.19227898384158992,0.12521795620507598,197,197
negation,has_negation,XLNet,0.30000000000000004,0.2662953169514699,0.10710731428409032,197,197
negation,has_negation,XLNet,0.4,0.2678344234923015,0.09113693057065754,197,197
negation,has_negation,XLNet,0.5,0.27474290039981264,0.10548359451193057,197,197
negation,has_negation,XLNet,0.6000000000000001,0.28031222162065617,0.10333405103128877,197,197
negation,has_negation,XLNet,0.7000000000000001,0.2718537209012137,0.1022137994762966,197,197
negation,has_negation,XLNet,0.8,0.2623255359730447,0.08762558655556273,197,197
negation,has_negation,XLNet,0.9,0.2796312208088862,0.07355339930753736,197,197
negation,no_negation,BERT,0.0,0.15054391398090958,0.11575123001142461,200,675
negation,no_negation,BERT,0.1,0.153742996859728,0.10459567189266945,200,675
negation,no_negation,BERT,0.2,0.1599566151543695,0.09148085021741283,200,675
negation,no_negation,BERT,0.30000000000000004,0.22789995749848457,0.08334730102371195,200,675
negation,no_negation,BERT,0.4,0.2639541906107843,0.0890689330345601,200,675
negation,no_negation,BERT,0.5,0.26928677582516686,0.09879332963920973,200,675
negation,no_negation,BERT,0.6000000000000001,0.286956364485377,0.10647617705555383,200,675
negation,no_negation,BERT,0.7000000000000001,0.279681945938064,0.11279172052420516,200,675
negation,no_negation,BERT,0.8,0.2996166462478868,0.12368666335272158,200,675
negation,no_negation,BERT,0.9,0.34511126924306157,0.14173006170276203,200,675
negation,no_negation,DistilBERT,0.0,0.43482562017434245,0.21423374593861316,200,675
negation,no_negation,DistilBERT,0.1,0.43309953169955406,0.1720182471927098,200,675
negation,no_negation,DistilBERT,0.2,0.4447119504086732,0.1484164015663013,200,675
negation,no_negation,DistilBERT,0.30000000000000004,0.37967743180521213,0.12688264093173784,200,675
negation,no_negation,DistilBERT,0.4,0.35655889917859895,0.11644455571430774,200,675
negation,no_negation,DistilBERT,0.5,0.33314338140393374,0.12200243001269545,200,675
negation,no_negation,DistilBERT,0.6000000000000001,0.3489685596583149,0.13795887095190582,200,675
negation,no_negation,DistilBERT,0.7000000000000001,0.3492618977467646,0.1839267143565237,200,675
negation,no_negation,DistilBERT,0.8,0.37533313575651844,0.20216101429501254,200,675
negation,no_negation,DistilBERT,0.9,0.44818227348383516,0.2155745303042566,200,675
negation,no_negation,RoBERTa,0.0,0.14635447840959387,0.10256745430733771,200,675
negation,no_negation,RoBERTa,0.1,0.1505615101080184,0.09423041398541894,200,675
negation,no_negation,RoBERTa,0.2,0.16429440280437121,0.10325867326185717,200,675
negation,no_negation,RoBERTa,0.30000000000000004,0.23186668408761762,0.08627469869117796,200,675
negation,no_negation,RoBERTa,0.4,0.2664093917081118,0.07912111789069359,200,675
negation,no_negation,RoBERTa,0.5,0.2691037753090495,0.07612548045272785,200,675
negation,no_negation,RoBERTa,0.6000000000000001,0.2775182859133201,0.08441567661856493,200,675
negation,no_negation,RoBERTa,0.7000000000000001,0.2647591734780872,0.09588142678287875,200,675
negation,no_negation,RoBERTa,0.8,0.2872291447648604,0.10294516171959744,200,675
negation,no_negation,RoBERTa,0.9,0.32756704060244374,0.10383815493918386,200,675
negation,no_negation,ALBERT,0.0,0.15396812153652717,0.11691863415001177,200,675
negation,no_negation,ALBERT,0.1,0.1561666584048362,0.10885210109871071,200,675
negation,no_negation,ALBERT,0.2,0.17242426584442,0.11116811600652421,200,675
negation,no_negation,ALBERT,0.30000000000000004,0.31613117445584066,0.12027452622084403,200,675
negation,no_negation,ALBERT,0.4,0.3527937059546457,0.08440022334551286,200,675
negation,no_negation,ALBERT,0.5,0.34300305560434935,0.08746376029318999,200,675
negation,no_negation,ALBERT,0.6000000000000001,0.34019621001665656,0.09125830805268936,200,675
negation,no_negation,ALBERT,0.7000000000000001,0.3305146452531335,0.10270727543924424,200,675
negation,no_negation,ALBERT,0.8,0.314977147513855,0.10296289804700458,200,675
negation,no_negation,ALBERT,0.9,0.31525032958132215,0.09119992302164828,200,675
negation,no_negation,XLNet,0.0,0.1462203756237068,0.10261747809654731,200,675
negation,no_negation,XLNet,0.1,0.15099022413618512,0.10141223962653825,200,675
negation,no_negation,XLNet,0.2,0.15952321622087764,0.08933818824143308,200,675
negation,no_negation,XLNet,0.30000000000000004,0.23476863277479423,0.09059301494704194,200,675
negation,no_negation,XLNet,0.4,0.2614329244894907,0.08145822548771649,200,675
negation,no_negation,XLNet,0.5,0.25148143336948126,0.0737543332408683,200,675
negation,no_negation,XLNet,0.6000000000000001,0.2725966083129606,0.09232291957979945,200,675
negation,no_negation,XLNet,0.7000000000000001,0.24631438414624426,0.0807440034890919,200,675
negation,no_negation,XLNet,0.8,0.2535839074765681,0.08793342424755256,200,675
negation,no_negation,XLNet,0.9,0.26681407218566167,0.08376972449880007,200,675
