City,HorizonSteps,MeanFlow_Test,Local_MAE_Ratio,Persist_MAE,Skill_vs_Persist,Local_Train_MAE,Global_Train_MAE,Local_MAE,Global_MAE,Router_MAE,Delta_Global,Delta_Router,PIER,FitDistance,PairwiseMeanAbsDiff,ClosestPeerName,ClosestPeerMeanAbsDiff,WeightEntropy,WeightEntropyNorm,EffectivePeers_HHI,TopPeer1,TopPeer1Weight,TopPeer2,TopPeer2Weight,TopPeer3,TopPeer3Weight,TopKMass3,NumNonZeroWeights,NumTrain,NumVal,NumTest,NumFitSamples,NumEvalSamples,NumPeers,CacheHash,ModelType
augsburg,12,159.48102,0.22086584327845676,46.37768,0.24049866295147948,35.80802070762405,47.67590069580088,35.22390996920843,44.85696007209208,40.2956398158984,9.63305010288365,5.071729846689969,15.422714152477777,1832.916332964744,52.366105354419254,london,16.260650786725886,2.509672789881329,0.7308334715410221,11.130719266963773,bremen,0.16256197545521675,hamburg,0.11082159128537745,stuttgart,0.09715121801308521,0.3705347847536794,29,300000,200000,200000,4000,4000,31,abd00d5cef12,histgb
basel,12,134.4803869599788,0.5232878745472325,77.34601113172542,0.09016696748939612,39.876264640666626,55.851808598848166,70.37195586057666,67.47068676549881,69.31479004142165,-2.9012690950778506,-1.057165819155017,17.80386912928574,3422.946121719674,54.81779715555777,constance,20.773703634079283,1.3714785026630638,0.39938369626764175,3.8692738130652593,stuttgart,0.304208369213957,constance,0.2698731717386531,zurich,0.2473674756581037,0.8214490166107138,19,91707,30107,30184,4000,4000,31,abd00d5cef12,histgb
bern,12,145.5375557191948,0.8849598518253752,76.59877447495047,-0.6814223808032955,78.18272527849238,82.34972415096384,128.79489374428593,71.54952703652422,95.7526787071942,-57.245366707761704,-33.04221503709172,83.54550811617948,10175.061308253042,104.63850509851555,taipeh,82.96731239597251,1.4254137407717133,0.41508999768839383,3.2974619946659995,manchester,0.48023512515245015,losangeles,0.184409874348797,toulouse,0.14834591427742075,0.8129909137786678,17,300000,196935,197000,4000,4000,31,abd00d5cef12,histgb
bolton,12,337.94334601596694,0.07741736834584967,26.616683894521543,0.01705694810719634,21.551608385111127,56.270776461584745,26.16268449854704,52.68205239774077,41.30009713092074,26.51936789919373,15.1374126323737,32.57318818956723,3463.0352370232645,429.23597402482096,hamburg,39.362672228305776,2.0487582569392573,0.596612082381485,5.896301893636925,hamburg,0.31175511437422126,manchester,0.1882001541030978,stuttgart,0.1094219560203232,0.6093772244976423,31,138955,45313,45469,4000,4000,31,abd00d5cef12,histgb
bordeaux,12,268.66386498367336,0.2876462106288286,88.74026911032928,0.12914234461732615,70.91705089005843,102.64187589659576,77.28014269544887,77.78199914144062,71.82954942933398,0.5018564459917485,-5.450593266114893,32.840181883375436,3755.475559601519,96.3315584959121,basel,41.86152510168465,1.458225748579333,0.42464507342215424,2.998741450510682,torino,0.5247920394101047,basel,0.19868501841051747,stuttgart,0.11149238072123394,0.834969438541856,20,300000,134103,134443,4000,4000,31,abd00d5cef12,histgb
bremen,12,182.797075,0.2966849910279702,67.8939025,0.20120737563562216,55.535661104619464,60.99825699299608,54.23314855631419,58.27593035763051,54.94789140021858,4.042781801316316,0.7147428439043892,9.177438230269159,1172.6957491608966,51.347239832687215,hamburg,11.794414432017875,2.166924196984436,0.6310227930244489,7.812043268540088,strasbourg,0.16615247667836125,augsburg,0.1603878972121782,speyer,0.15527380585288653,0.481814179743426,26,300000,200000,200000,4000,4000,31,abd00d5cef12,histgb
cagliari,12,283.5492,0.30537699515897565,105.8724,0.18213431757727772,82.76790407879365,106.17476976755201,86.58940267573142,106.49452950423891,93.01104704915548,19.90512682850749,6.4216443734240585,33.48332459135093,7147.4566138697155,116.33471127461313,marseille,36.17627854432304,1.060004360190283,0.30868034650968024,1.9251462393182242,marseille,0.7034347769473481,hamburg,0.1322718912174385,constance,0.06821622586831701,0.9039228940331037,15,300000,200000,200000,4000,4000,31,abd00d5cef12,histgb
constance,12,113.18458514553363,0.33072815011316403,43.7602793576447,0.14458204984084885,35.08664912845318,45.24876074258307,37.43332846650824,39.76219683677111,37.29911551960497,2.3288683702628674,-0.13421294690327557,12.232649263307426,1418.5278557214278,45.09597699126985,stuttgart,13.30544450931799,1.7014340765192622,0.4954689622305556,4.7619925212692245,graz,0.3253803156630786,speyer,0.19703779819448755,stuttgart,0.1787365930493777,0.7011547069069439,17,145302,47702,47824,4000,4000,31,abd00d5cef12,histgb
darmstadt,12,131.1659,0.3092091426666796,51.0727,0.20588307479135765,42.47132278259258,55.41516421375702,40.55769548610343,51.48223017507835,45.29028970143519,10.924534688974923,4.7325942153317655,18.8147030261669,2004.4379820785268,60.524782153306404,hamburg,21.046337273113856,1.5467716631594786,0.4504302348998951,4.0681656829012365,speyer,0.3386442633261989,hamburg,0.29888235294086934,bremen,0.15292065599598573,0.790447272263054,25,300000,200000,200000,4000,4000,31,abd00d5cef12,histgb
essen,12,229.98415652781378,0.18264648812197773,71.01380275972662,0.4084840287228956,40.02328993220772,58.11689176751399,42.00579851350041,58.50663685465363,47.553893824889386,16.50083834115322,5.548095311388977,19.577592991259195,1728.671543024095,68.14080854459841,augsburg,24.45453683409133,1.547660894371893,0.45068918496565336,3.2712730421840397,augsburg,0.502648214012453,toronto,0.15590067254496107,graz,0.1344349039930751,0.7929837905504892,20,174265,57880,57891,4000,4000,31,abd00d5cef12,histgb
graz,12,214.02973767607753,0.20923368993414226,64.47631734326235,0.30544681187065553,42.71036533357927,52.31058963371477,44.78223176960221,52.47897253723103,46.73060847623826,7.6967407676288175,1.9483767066360471,12.648718798161054,1113.258036610145,55.47606615575846,augsburg,14.680386997579602,2.3340362424776164,0.679686936348837,8.65561066706817,constance,0.20062680239647332,augsburg,0.17583778012220527,stuttgart,0.10374828757918088,0.48021287009785946,19,300000,165965,165978,4000,4000,31,abd00d5cef12,histgb
hamburg,12,146.6556,0.33552512847219085,60.8693,0.1916016936096485,46.54351983581609,52.267203049687204,49.206639031166226,54.60331065102601,49.784412970183396,5.396671619859781,0.5777739390171703,9.494974862913493,844.8915947690398,52.86031869629036,bremen,12.684031108557232,1.854058064294503,0.5399140864220197,5.994266508536367,marseille,0.193764563170026,darmstadt,0.18794252080321996,zurich,0.18208388770755912,0.563790971680805,18,300000,200000,200000,4000,4000,31,abd00d5cef12,histgb
kassel,12,284.223783280245,0.3175084784425434,119.60434365113163,0.24548341463483322,86.01636490552818,101.20113400079178,90.2434609664938,104.1391082279895,99.42823776747701,13.895647261495697,9.184776800983215,33.592037812228796,4972.401307054924,81.08312107395663,augsburg,30.409824600677457,1.7192414040789814,0.5006545749015816,4.768975590354528,marseille,0.3083361577008481,torino,0.2433712727914988,GLOBAL,0.16873166951743593,0.7204391000097828,12,280441,90962,91106,4000,4000,31,abd00d5cef12,histgb
london,12,257.7723422288941,0.25367925152257137,76.11890533833501,0.14092964751407816,59.58642883045975,70.45000932013177,65.39149483984598,113.82574831841039,73.81933549108456,48.434253478564415,8.427840651238583,26.220946473969246,3492.424697764393,93.7294039468927,bremen,31.850901219422628,2.1716468038691534,0.6323980476784409,7.577849573181848,augsburg,0.20867681362292312,stuttgart,0.15089786424303306,zurich,0.14838891591302064,0.5079635937789768,22,300000,200000,200000,4000,4000,31,abd00d5cef12,histgb
losangeles,12,955.5131312844969,0.12663960074832672,177.45821480756405,0.31811665305620784,114.88478561651141,199.72637193360893,121.00580145565219,181.18256686634626,158.97050183426538,60.176765410694074,37.96470037861319,96.62897705478842,11030.900009282668,844.9755539296832,taipeh,112.68118115611941,1.8253629325237501,0.5315578724753649,5.3280130709597175,marseille,0.28504231502480615,taipeh,0.20169325120360468,manchester,0.17551870326406135,0.6622542694924722,26,300000,200000,200000,4000,4000,31,abd00d5cef12,histgb
luzern,12,292.53633666666667,0.5254811391548583,158.53162718484847,0.030336531797858057,193.83035014036614,208.3337551570313,153.72232743578914,117.8939907429359,122.64922507495989,-35.82833669285324,-31.073102360829253,71.12895200765806,35331.24951395264,107.63688731626897,taipeh,71.16949430141787,0.18289587643648125,0.05326050027140466,1.0150540751440311,GLOBAL,0.991482489753543,losangeles,0.04661857904782084,bolton,0.002522988504295429,1.0406240573056593,8,300000,200000,200000,4000,4000,31,abd00d5cef12,histgb
madrid,12,494.9024881666666,0.28395140694568394,142.95856341666664,0.017000070109396602,161.66869771581995,168.84376364236408,140.52825781584468,131.40414226725136,128.58576308253163,-9.124115548593323,-11.942494733313055,66.52541149509527,10368.859603896353,308.83782911358844,taipeh,77.37554363167114,1.545992384756228,0.4502033038262345,2.8971220303853857,taipeh,0.5596580040546218,bordeaux,0.11961723768800905,losangeles,0.07709352080401197,0.7563687625466429,14,300000,200000,200000,4000,4000,31,abd00d5cef12,histgb
manchester,12,413.24087,0.18564127744382958,108.25068,0.291324885914809,68.93886198867227,96.17402816284284,76.71456299879951,103.12934048412656,89.94139719778617,26.41477748532705,13.226834198986666,45.05775852169614,4778.636921225165,522.5084307499438,bolton,55.41682390086239,1.5799823754249558,0.46010141603362226,3.6772853869160658,bolton,0.41132827309030895,torino,0.287402953223102,strasbourg,0.10543404190015644,0.8041652682135674,15,300000,200000,200000,4000,4000,31,abd00d5cef12,histgb
marseille,12,401.298895,0.2440516944651836,125.003965,0.2165234493821392,91.25212835940316,111.54110278742834,97.9376753117558,118.62206363612468,110.98358159027016,20.684388324368882,13.045906278514366,46.92422308148422,5701.421591437643,181.67214087756318,strasbourg,47.19664550867192,1.6168000797781408,0.4708229773443625,4.149264476346846,cagliari,0.333769097216546,torino,0.2939701943338829,GLOBAL,0.1782822014824683,0.8060214930328973,22,300000,200000,200000,4000,4000,31,abd00d5cef12,histgb
paris,12,1016.8583257648809,0.1937431252083712,700.5184382583332,0.718766417601148,162.74047326703675,368.70149878357745,197.00930992784004,401.96862672635444,414.3221067518395,204.9593167985144,217.31279682399946,363.72981668755153,27058.984108050143,1234.4015921283572,GLOBAL,345.0737076327231,0.7628936839567949,0.22215973401426073,1.3919404712410721,GLOBAL,0.8407694242838999,santander,0.10137290782755055,bern,0.025057319626420632,0.9671996517378711,14,300000,200000,200000,4000,4000,31,abd00d5cef12,histgb
rotterdam,12,245.39994488692932,0.28423735606763356,89.77327193855781,0.22302228706175498,67.35262968699337,94.13977233656773,69.75183151380378,78.22668414302312,74.37058894508228,8.474852629219342,4.618757431278496,50.31881005508612,3631.21758442093,322.09022383258247,darmstadt,50.63744895433082,1.628828713693328,0.4743257958462709,4.341497886691554,essen,0.3559135643432627,kassel,0.20087035302587014,darmstadt,0.18742641820864359,0.7442103355777765,15,172532,56154,56248,4000,4000,31,abd00d5cef12,histgb
santander,12,377.7629489444757,0.47121444034545923,142.94872008068592,-0.24525323815174424,90.23280150786127,126.03741685506967,178.0073565701214,126.69591397453513,182.31455762425833,-51.31144259558627,4.307201054136925,152.40805192788568,13168.894394325382,232.39661166470688,GLOBAL,124.8896981860014,1.3814228628324796,0.4022795603397115,3.8228740949663336,toronto,0.32159839881627766,paris,0.26531506127559956,constance,0.2504051790282042,0.8373186391200815,18,289970,95484,95484,4000,4000,31,abd00d5cef12,histgb
speyer,12,140.5657,0.310350396735352,56.2933,0.22504772748475466,41.789054041792085,48.14107827145288,43.62462076238246,48.017159658523816,45.38651733525647,4.392538896141353,1.761896572874008,9.747970689917379,1051.4059401397715,47.1949839052189,bremen,10.243108219171635,1.311244236104298,0.3818430757085163,3.2358929383190445,bremen,0.4605498219850324,constance,0.2188779496926597,darmstadt,0.17042282514958637,0.8498505968272785,11,300000,200000,200000,4000,4000,31,abd00d5cef12,histgb
strasbourg,12,268.24285,0.30844345662133527,98.90775,0.16348565336934323,72.06586642945402,79.70216468370367,82.73775186795834,84.63669678112748,81.60069691939776,1.8989449131691458,-1.137054948560575,15.944252445326386,1601.9101500938086,97.3759174484589,bremen,25.4202873636465,2.3142876538424098,0.6739360154923432,8.576022381511962,hamburg,0.19601668676016729,zurich,0.15337250811860034,cagliari,0.11146031316438412,0.4608495080431517,18,300000,200000,200000,4000,4000,31,abd00d5cef12,histgb
stuttgart,12,314.02695853384216,0.1889434847322657,80.06963972933606,0.25897820889632184,52.91354834346321,70.03981918251677,59.333347845258835,69.5585953949881,65.28953397156268,10.225247549729268,5.956186126303841,26.202103210129042,2631.5327449458073,86.27259374518844,augsburg,34.00473533109033,1.8177604315558606,0.5293439734375467,5.555565337301272,london,0.23788951959886526,toronto,0.21152024599552044,basel,0.19873863228491928,0.648148397879305,22,300000,108466,108474,4000,4000,31,abd00d5cef12,histgb
taipeh,12,539.2331166668,0.2598945751569975,168.58895,0.1687251046601711,135.09697129966528,163.8512058466146,140.14376176670166,155.4602820450896,145.70177650828498,15.31652027838794,5.558014741583321,43.30881910512134,5687.814788824276,273.3549885809245,strasbourg,58.818737824359914,1.6822456156748904,0.4898811543262892,4.475443073008507,GLOBAL,0.3160749152820915,cagliari,0.2469910090865282,marseille,0.22274741942585294,0.7858133437944727,31,300000,200000,200000,4000,4000,31,abd00d5cef12,histgb
torino,12,394.89132,0.20441682547022844,124.25184,0.35033211548297294,81.57531506144667,122.14173026306118,80.72243004014813,113.95218057973797,96.13129642123054,33.229750539589844,15.408866381082419,47.21398835438023,6121.07003166038,502.7761622961856,manchester,64.59898168862871,1.9174318109189579,0.5583689445361333,5.3309570201926215,manchester,0.30496558527135603,bordeaux,0.24601424636143346,toronto,0.10830927076343896,0.6592891023962285,19,300000,200000,200000,4000,4000,31,abd00d5cef12,histgb
toronto,12,267.22838768978534,0.2966365357846128,133.51649557014318,0.40629281161771597,79.03815255319213,115.59906987430988,79.26970318760539,118.82454031050172,104.78746866477385,39.55483712289633,25.517765477168467,55.192738997267924,4851.88368019514,98.62043798259653,essen,58.90117160602474,1.285368419917219,0.37430786528219834,2.901637090345111,essen,0.5141344963539691,stuttgart,0.24062507461106625,constance,0.11815513231181499,0.8729147032768504,19,300000,200000,200000,4000,4000,31,abd00d5cef12,histgb
toulouse,12,443.967505,0.2101890541305557,124.843335,0.2525262967329993,89.2039506291767,118.3602292882068,93.31710994065276,108.64359119139176,98.04241615361263,15.326481250739008,4.725306212959879,31.71315609712896,3467.2331136595853,212.1046665329729,marseille,35.963381849772695,1.3171188811612338,0.3835538115695186,2.8454097877536673,marseille,0.5149456030262187,torino,0.2695498149142015,manchester,0.08139458319341518,0.8658900011338354,18,300000,200000,200000,4000,4000,31,abd00d5cef12,histgb
wolfsburg,12,160.69628542395844,0.32352956210129924,65.45726543976515,0.20574135651357578,56.05402954515446,68.47053109024262,51.98999885451867,60.874352400849666,57.24420680143207,8.884353546330999,5.254207946913404,19.10467621840581,2913.2464687225242,59.356371852093105,bremen,18.780485760526158,1.3312580926120237,0.38767124434047434,2.7046775936251937,bremen,0.5714384967707747,graz,0.1333784076758321,stuttgart,0.09935473298939845,0.8041716374360053,25,300000,177134,177140,4000,4000,31,abd00d5cef12,histgb
zurich,12,197.1636,0.30680561445612303,67.9091,0.10923720905767768,53.2535545541698,59.30537358049512,60.490899446381256,58.81050412733427,59.21166461765501,-1.680395319046987,-1.2792348287262456,13.764406807194,1511.508836165077,53.38996179506393,bremen,19.61417202290949,1.9528126761947877,0.5686720887148939,5.779057499036995,hamburg,0.29038988541814853,london,0.17565840319286602,stuttgart,0.1707257185087837,0.6367740071197983,30,300000,200000,200000,4000,4000,31,abd00d5cef12,histgb
