City,PeerName,Weight,Rank,HorizonSteps,CacheHash,ModelType
augsburg,bremen,0.16256197545521675,1,12,abd00d5cef12,histgb
augsburg,hamburg,0.11082159128537745,2,12,abd00d5cef12,histgb
augsburg,stuttgart,0.09715121801308521,3,12,abd00d5cef12,histgb
augsburg,darmstadt,0.09421555037722631,4,12,abd00d5cef12,histgb
augsburg,kassel,0.08424979552244155,5,12,abd00d5cef12,histgb
augsburg,speyer,0.06983682585261514,6,12,abd00d5cef12,histgb
augsburg,bordeaux,0.06906062424141278,7,12,abd00d5cef12,histgb
augsburg,rotterdam,0.06419427904928537,8,12,abd00d5cef12,histgb
augsburg,london,0.06378889411076744,9,12,abd00d5cef12,histgb
augsburg,wolfsburg,0.05527664726863341,10,12,abd00d5cef12,histgb
augsburg,torino,0.04556372904147085,11,12,abd00d5cef12,histgb
augsburg,basel,0.03719092633376883,12,12,abd00d5cef12,histgb
augsburg,toronto,0.03550804998200018,13,12,abd00d5cef12,histgb
augsburg,santander,0.010422674081444268,14,12,abd00d5cef12,histgb
augsburg,luzern,0.00014654397322055342,15,12,abd00d5cef12,histgb
augsburg,losangeles,6.489397247312692e-06,16,12,abd00d5cef12,histgb
augsburg,bolton,1.945276783827788e-06,17,12,abd00d5cef12,histgb
augsburg,toulouse,1.3996016534062616e-06,18,12,abd00d5cef12,histgb
augsburg,manchester,1.3801397104448829e-06,19,12,abd00d5cef12,histgb
augsburg,taipeh,7.27807525789983e-07,20,12,abd00d5cef12,histgb
augsburg,madrid,6.059712131357766e-07,21,12,abd00d5cef12,histgb
augsburg,cagliari,5.682516521227563e-07,22,12,abd00d5cef12,histgb
augsburg,strasbourg,5.423997884772359e-07,23,12,abd00d5cef12,histgb
augsburg,marseille,4.740974422246782e-07,24,12,abd00d5cef12,histgb
augsburg,graz,3.0711029626634074e-07,25,12,abd00d5cef12,histgb
augsburg,constance,2.3276939040057074e-07,26,12,abd00d5cef12,histgb
augsburg,GLOBAL,1.5190110058436035e-07,27,12,abd00d5cef12,histgb
augsburg,essen,1.1438322229231845e-07,28,12,abd00d5cef12,histgb
augsburg,bern,2.2325016663326967e-08,29,12,abd00d5cef12,histgb
augsburg,zurich,-8.121257137269779e-08,30,12,abd00d5cef12,histgb
augsburg,paris,-4.169612811082926e-06,31,12,abd00d5cef12,histgb
basel,stuttgart,0.304208369213957,1,12,abd00d5cef12,histgb
basel,constance,0.2698731717386531,2,12,abd00d5cef12,histgb
basel,zurich,0.2473674756581037,3,12,abd00d5cef12,histgb
basel,bordeaux,0.17855402444713395,4,12,abd00d5cef12,histgb
basel,graz,5.7210929145724494e-05,5,12,abd00d5cef12,histgb
basel,bolton,2.9452906622681533e-05,6,12,abd00d5cef12,histgb
basel,essen,2.817091328947884e-05,7,12,abd00d5cef12,histgb
basel,toronto,2.4700186136601535e-05,8,12,abd00d5cef12,histgb
basel,augsburg,2.3097091960857955e-05,9,12,abd00d5cef12,histgb
basel,hamburg,2.1392428611743548e-05,10,12,abd00d5cef12,histgb
basel,london,1.835426349849662e-05,11,12,abd00d5cef12,histgb
basel,bern,1.4808115985329545e-05,12,12,abd00d5cef12,histgb
basel,luzern,1.4386578841517035e-05,13,12,abd00d5cef12,histgb
basel,toulouse,1.3534092497313641e-05,14,12,abd00d5cef12,histgb
basel,rotterdam,7.2640897468774435e-06,15,12,abd00d5cef12,histgb
basel,marseille,5.392160700717312e-06,16,12,abd00d5cef12,histgb
basel,GLOBAL,4.9700640439407954e-06,17,12,abd00d5cef12,histgb
basel,torino,9.597597095229719e-07,18,12,abd00d5cef12,histgb
basel,santander,5.275195207822964e-07,19,12,abd00d5cef12,histgb
basel,madrid,-3.2344594627297903e-06,20,12,abd00d5cef12,histgb
basel,strasbourg,-3.2534371404638248e-06,21,12,abd00d5cef12,histgb
basel,manchester,-4.85721718117066e-06,22,12,abd00d5cef12,histgb
basel,kassel,-9.391373844184268e-06,23,12,abd00d5cef12,histgb
basel,taipeh,-1.048478087615575e-05,24,12,abd00d5cef12,histgb
basel,bremen,-1.1392630047383532e-05,25,12,abd00d5cef12,histgb
basel,speyer,-1.9542662620253636e-05,26,12,abd00d5cef12,histgb
basel,cagliari,-2.5142083638130683e-05,27,12,abd00d5cef12,histgb
basel,wolfsburg,-3.0767793593281203e-05,28,12,abd00d5cef12,histgb
basel,darmstadt,-3.807028673570808e-05,29,12,abd00d5cef12,histgb
basel,paris,-3.894391248314389e-05,30,12,abd00d5cef12,histgb
basel,losangeles,-7.209073939443588e-05,31,12,abd00d5cef12,histgb
bern,manchester,0.48023512515245015,1,12,abd00d5cef12,histgb
bern,losangeles,0.184409874348797,2,12,abd00d5cef12,histgb
bern,toulouse,0.14834591427742075,3,12,abd00d5cef12,histgb
bern,rotterdam,0.11354987324102153,4,12,abd00d5cef12,histgb
bern,bolton,0.05932452455938161,5,12,abd00d5cef12,histgb
bern,luzern,0.014549832862873186,6,12,abd00d5cef12,histgb
bern,basel,4.253770570238193e-05,7,12,abd00d5cef12,histgb
bern,paris,4.03198585030933e-05,8,12,abd00d5cef12,histgb
bern,bordeaux,3.969044718741491e-05,9,12,abd00d5cef12,histgb
bern,kassel,2.4710883001242487e-05,10,12,abd00d5cef12,histgb
bern,torino,2.078129406066764e-05,11,12,abd00d5cef12,histgb
bern,marseille,1.2981448963121022e-05,12,12,abd00d5cef12,histgb
bern,cagliari,8.52910257897861e-06,13,12,abd00d5cef12,histgb
bern,santander,8.043846942169125e-06,14,12,abd00d5cef12,histgb
bern,taipeh,5.0394602663249645e-06,15,12,abd00d5cef12,histgb
bern,zurich,3.530764783328215e-06,16,12,abd00d5cef12,histgb
bern,madrid,7.339324198256365e-07,17,12,abd00d5cef12,histgb
bern,bremen,-5.5386047283327145e-06,18,12,abd00d5cef12,histgb
bern,GLOBAL,-7.341463174342787e-06,19,12,abd00d5cef12,histgb
bern,london,-1.7351502791652517e-05,20,12,abd00d5cef12,histgb
bern,augsburg,-3.068369041690696e-05,21,12,abd00d5cef12,histgb
bern,darmstadt,-3.080178866088222e-05,22,12,abd00d5cef12,histgb
bern,essen,-3.439699689682197e-05,23,12,abd00d5cef12,histgb
bern,strasbourg,-3.49128617334255e-05,24,12,abd00d5cef12,histgb
bern,hamburg,-4.471085037588906e-05,25,12,abd00d5cef12,histgb
bern,constance,-4.5443419820667534e-05,26,12,abd00d5cef12,histgb
bern,wolfsburg,-4.619856743063073e-05,27,12,abd00d5cef12,histgb
bern,stuttgart,-6.014016368144355e-05,28,12,abd00d5cef12,histgb
bern,toronto,-6.423368220978014e-05,29,12,abd00d5cef12,histgb
bern,speyer,-9.386002207617761e-05,30,12,abd00d5cef12,histgb
bern,graz,-0.00010573104069613015,31,12,abd00d5cef12,histgb
bolton,hamburg,0.31175511437422126,1,12,abd00d5cef12,histgb
bolton,manchester,0.1882001541030978,2,12,abd00d5cef12,histgb
bolton,stuttgart,0.1094219560203232,3,12,abd00d5cef12,histgb
bolton,cagliari,0.0923382014986979,4,12,abd00d5cef12,histgb
bolton,bremen,0.0831735090951098,5,12,abd00d5cef12,histgb
bolton,toronto,0.06139268871256113,6,12,abd00d5cef12,histgb
bolton,darmstadt,0.059385412640630506,7,12,abd00d5cef12,histgb
bolton,GLOBAL,0.02962502492603473,8,12,abd00d5cef12,histgb
bolton,rotterdam,0.02691212042983086,9,12,abd00d5cef12,histgb
bolton,santander,0.024006339005335414,10,12,abd00d5cef12,histgb
bolton,bern,0.009338450909219675,11,12,abd00d5cef12,histgb
bolton,madrid,0.002703165030450675,12,12,abd00d5cef12,histgb
bolton,losangeles,0.0009928979554943353,13,12,abd00d5cef12,histgb
bolton,luzern,0.0007362046551388124,14,12,abd00d5cef12,histgb
bolton,torino,1.8872617401403428e-06,15,12,abd00d5cef12,histgb
bolton,wolfsburg,1.787802919711656e-06,16,12,abd00d5cef12,histgb
bolton,essen,1.7247112016615211e-06,17,12,abd00d5cef12,histgb
bolton,toulouse,1.684876118600742e-06,18,12,abd00d5cef12,histgb
bolton,constance,1.5042572316795524e-06,19,12,abd00d5cef12,histgb
bolton,graz,1.5010723000694834e-06,20,12,abd00d5cef12,histgb
bolton,bordeaux,1.3738910878336291e-06,21,12,abd00d5cef12,histgb
bolton,kassel,1.2139573446064034e-06,22,12,abd00d5cef12,histgb
bolton,taipeh,1.096504419771952e-06,23,12,abd00d5cef12,histgb
bolton,basel,9.721088903305144e-07,24,12,abd00d5cef12,histgb
bolton,speyer,7.527974507419603e-07,25,12,abd00d5cef12,histgb
bolton,augsburg,7.445564823306844e-07,26,12,abd00d5cef12,histgb
bolton,paris,6.561721091426154e-07,27,12,abd00d5cef12,histgb
bolton,strasbourg,6.283889366332231e-07,28,12,abd00d5cef12,histgb
bolton,zurich,5.445630725600111e-07,29,12,abd00d5cef12,histgb
bolton,london,3.582998626489368e-07,30,12,abd00d5cef12,histgb
bolton,marseille,3.3136846135871624e-07,31,12,abd00d5cef12,histgb
bordeaux,torino,0.5247920394101047,1,12,abd00d5cef12,histgb
bordeaux,basel,0.19868501841051747,2,12,abd00d5cef12,histgb
bordeaux,stuttgart,0.11149238072123394,3,12,abd00d5cef12,histgb
bordeaux,toulouse,0.04635210014152206,4,12,abd00d5cef12,histgb
bordeaux,constance,0.043194959258378796,5,12,abd00d5cef12,histgb
bordeaux,kassel,0.03507913951727467,6,12,abd00d5cef12,histgb
bordeaux,paris,0.02811087101751329,7,12,abd00d5cef12,histgb
bordeaux,losangeles,0.01112604378526868,8,12,abd00d5cef12,histgb
bordeaux,luzern,0.0011712589782480157,9,12,abd00d5cef12,histgb
bordeaux,strasbourg,4.406484956713367e-06,10,12,abd00d5cef12,histgb
bordeaux,bremen,4.068261786812183e-06,11,12,abd00d5cef12,histgb
bordeaux,taipeh,2.6870983895492933e-06,12,12,abd00d5cef12,histgb
bordeaux,hamburg,1.7257575274092277e-06,13,12,abd00d5cef12,histgb
bordeaux,graz,1.6119206241446597e-06,14,12,abd00d5cef12,histgb
bordeaux,bern,7.617644145162699e-07,15,12,abd00d5cef12,histgb
bordeaux,speyer,5.827766840462504e-07,16,12,abd00d5cef12,histgb
bordeaux,london,5.793474609741946e-07,17,12,abd00d5cef12,histgb
bordeaux,GLOBAL,5.52090475538484e-07,18,12,abd00d5cef12,histgb
bordeaux,augsburg,2.0757624785153088e-07,19,12,abd00d5cef12,histgb
bordeaux,madrid,1.0410436683649793e-07,20,12,abd00d5cef12,histgb
bordeaux,manchester,-4.3165824558835394e-08,21,12,abd00d5cef12,histgb
bordeaux,santander,-1.4563114487477728e-07,22,12,abd00d5cef12,histgb
bordeaux,marseille,-1.280264580131704e-06,23,12,abd00d5cef12,histgb
bordeaux,bolton,-1.4970348185657982e-06,24,12,abd00d5cef12,histgb
bordeaux,cagliari,-1.9565806121154222e-06,25,12,abd00d5cef12,histgb
bordeaux,rotterdam,-2.025537659507352e-06,26,12,abd00d5cef12,histgb
bordeaux,zurich,-2.176129947476574e-06,27,12,abd00d5cef12,histgb
bordeaux,wolfsburg,-2.3340968947301494e-06,28,12,abd00d5cef12,histgb
bordeaux,darmstadt,-2.6054707809269947e-06,29,12,abd00d5cef12,histgb
bordeaux,toronto,-2.8755669010906577e-06,30,12,abd00d5cef12,histgb
bordeaux,essen,-4.172718733066749e-06,31,12,abd00d5cef12,histgb
bremen,strasbourg,0.16615247667836125,1,12,abd00d5cef12,histgb
bremen,augsburg,0.1603878972121782,2,12,abd00d5cef12,histgb
bremen,speyer,0.15527380585288653,3,12,abd00d5cef12,histgb
bremen,wolfsburg,0.13240259172949512,4,12,abd00d5cef12,histgb
bremen,darmstadt,0.12391771116826919,5,12,abd00d5cef12,histgb
bremen,hamburg,0.10441002329392475,6,12,abd00d5cef12,histgb
bremen,marseille,0.06504068586695144,7,12,abd00d5cef12,histgb
bremen,cagliari,0.04136629804755996,8,12,abd00d5cef12,histgb
bremen,stuttgart,0.020215581534481126,9,12,abd00d5cef12,histgb
bremen,bern,0.017860935502422945,10,12,abd00d5cef12,histgb
bremen,GLOBAL,0.010082284557534961,11,12,abd00d5cef12,histgb
bremen,luzern,0.0028830481492493187,12,12,abd00d5cef12,histgb
bremen,paris,2.2992642242504316e-06,13,12,abd00d5cef12,histgb
bremen,santander,1.932099769201292e-06,14,12,abd00d5cef12,histgb
bremen,madrid,1.3620818811533342e-06,15,12,abd00d5cef12,histgb
bremen,losangeles,1.0226329617146394e-06,16,12,abd00d5cef12,histgb
bremen,bolton,7.141231507209342e-07,17,12,abd00d5cef12,histgb
bremen,rotterdam,5.331973145778151e-07,18,12,abd00d5cef12,histgb
bremen,manchester,4.1424908235500247e-07,19,12,abd00d5cef12,histgb
bremen,taipeh,2.211204066013784e-07,20,12,abd00d5cef12,histgb
bremen,toulouse,6.292053326200175e-08,21,12,abd00d5cef12,histgb
bremen,bordeaux,5.4961037090961525e-08,22,12,abd00d5cef12,histgb
bremen,torino,3.788776434159017e-08,23,12,abd00d5cef12,histgb
bremen,london,3.1679669240511267e-08,24,12,abd00d5cef12,histgb
bremen,kassel,2.0035917256025272e-08,25,12,abd00d5cef12,histgb
bremen,essen,4.895676876406236e-09,26,12,abd00d5cef12,histgb
bremen,graz,-1.0824482977459272e-07,27,12,abd00d5cef12,histgb
bremen,zurich,-1.1563564163589204e-07,28,12,abd00d5cef12,histgb
bremen,constance,-1.544062684780868e-07,29,12,abd00d5cef12,histgb
bremen,toronto,-7.476863051750418e-07,30,12,abd00d5cef12,histgb
bremen,basel,-9.194325314357988e-07,31,12,abd00d5cef12,histgb
cagliari,marseille,0.7034347769473481,1,12,abd00d5cef12,histgb
cagliari,hamburg,0.1322718912174385,2,12,abd00d5cef12,histgb
cagliari,constance,0.06821622586831701,3,12,abd00d5cef12,histgb
cagliari,paris,0.03163056300397606,4,12,abd00d5cef12,histgb
cagliari,augsburg,0.027291064337619898,5,12,abd00d5cef12,histgb
cagliari,taipeh,0.025552764416045693,6,12,abd00d5cef12,histgb
cagliari,luzern,0.0073394700790590985,7,12,abd00d5cef12,histgb
cagliari,madrid,0.004383871463327339,8,12,abd00d5cef12,histgb
cagliari,rotterdam,3.0360447147585378e-05,9,12,abd00d5cef12,histgb
cagliari,santander,1.3941366281924143e-05,10,12,abd00d5cef12,histgb
cagliari,toronto,1.0066308630177226e-05,11,12,abd00d5cef12,histgb
cagliari,bolton,5.256665619587471e-06,12,12,abd00d5cef12,histgb
cagliari,bern,2.6681288318069615e-06,13,12,abd00d5cef12,histgb
cagliari,GLOBAL,1.1987998803703167e-06,14,12,abd00d5cef12,histgb
cagliari,basel,9.995692092394614e-07,15,12,abd00d5cef12,histgb
cagliari,essen,-9.503797818862617e-07,16,12,abd00d5cef12,histgb
cagliari,kassel,-1.3605632001838308e-06,17,12,abd00d5cef12,histgb
cagliari,strasbourg,-4.13567539235994e-06,18,12,abd00d5cef12,histgb
cagliari,bordeaux,-5.53540803909512e-06,19,12,abd00d5cef12,histgb
cagliari,torino,-6.2240195501594895e-06,20,12,abd00d5cef12,histgb
cagliari,bremen,-8.456552312593343e-06,21,12,abd00d5cef12,histgb
cagliari,toulouse,-9.460791243849526e-06,22,12,abd00d5cef12,histgb
cagliari,stuttgart,-1.1635089914128334e-05,23,12,abd00d5cef12,histgb
cagliari,manchester,-1.2833232694025312e-05,24,12,abd00d5cef12,histgb
cagliari,wolfsburg,-1.4581522936383276e-05,25,12,abd00d5cef12,histgb
cagliari,losangeles,-1.5228592827315132e-05,26,12,abd00d5cef12,histgb
cagliari,graz,-1.6401807433164306e-05,27,12,abd00d5cef12,histgb
cagliari,zurich,-1.6747960781675577e-05,28,12,abd00d5cef12,histgb
cagliari,darmstadt,-1.7459473892815783e-05,29,12,abd00d5cef12,histgb
cagliari,london,-2.1312547438453847e-05,30,12,abd00d5cef12,histgb
cagliari,speyer,-2.273758851685084e-05,31,12,abd00d5cef12,histgb
constance,graz,0.3253803156630786,1,12,abd00d5cef12,histgb
constance,speyer,0.19703779819448755,2,12,abd00d5cef12,histgb
constance,stuttgart,0.1787365930493777,3,12,abd00d5cef12,histgb
constance,bordeaux,0.1411343233447407,4,12,abd00d5cef12,histgb
constance,basel,0.11223915107308001,5,12,abd00d5cef12,histgb
constance,toronto,0.02496128192031871,6,12,abd00d5cef12,histgb
constance,augsburg,0.011404523839029618,7,12,abd00d5cef12,histgb
constance,essen,0.009137068990328193,8,12,abd00d5cef12,histgb
constance,bern,1.3536289501777913e-05,9,12,abd00d5cef12,histgb
constance,kassel,5.227855903818031e-06,10,12,abd00d5cef12,histgb
constance,wolfsburg,4.795422919805681e-06,11,12,abd00d5cef12,histgb
constance,darmstadt,4.089631173452483e-06,12,12,abd00d5cef12,histgb
constance,zurich,2.8669937980600068e-06,13,12,abd00d5cef12,histgb
constance,bremen,2.0471951915365607e-06,14,12,abd00d5cef12,histgb
constance,santander,1.238380950639481e-06,15,12,abd00d5cef12,histgb
constance,rotterdam,9.596346389179114e-07,16,12,abd00d5cef12,histgb
constance,london,4.104409196521141e-07,17,12,abd00d5cef12,histgb
constance,madrid,-6.494517927604223e-07,18,12,abd00d5cef12,histgb
constance,GLOBAL,-9.510314870460136e-07,19,12,abd00d5cef12,histgb
constance,hamburg,-1.1169127921016178e-06,20,12,abd00d5cef12,histgb
constance,luzern,-2.4090641511557575e-06,21,12,abd00d5cef12,histgb
constance,strasbourg,-2.7552810298809323e-06,22,12,abd00d5cef12,histgb
constance,marseille,-2.875671626727163e-06,23,12,abd00d5cef12,histgb
constance,losangeles,-3.6197670844469523e-06,24,12,abd00d5cef12,histgb
constance,toulouse,-5.829063842129901e-06,25,12,abd00d5cef12,histgb
constance,manchester,-6.268967639721196e-06,26,12,abd00d5cef12,histgb
constance,bolton,-6.290932262470241e-06,27,12,abd00d5cef12,histgb
constance,taipeh,-7.318251837013494e-06,28,12,abd00d5cef12,histgb
constance,cagliari,-7.39734687508175e-06,29,12,abd00d5cef12,histgb
constance,torino,-7.724875130254663e-06,30,12,abd00d5cef12,histgb
constance,paris,-1.09668636997997e-05,31,12,abd00d5cef12,histgb
darmstadt,speyer,0.3386442633261989,1,12,abd00d5cef12,histgb
darmstadt,hamburg,0.29888235294086934,2,12,abd00d5cef12,histgb
darmstadt,bremen,0.15292065599598573,3,12,abd00d5cef12,histgb
darmstadt,rotterdam,0.11399581274473326,4,12,abd00d5cef12,histgb
darmstadt,santander,0.06847840562443512,5,12,abd00d5cef12,histgb
darmstadt,wolfsburg,0.027048528957388497,6,12,abd00d5cef12,histgb
darmstadt,bolton,4.163866236834191e-05,7,12,abd00d5cef12,histgb
darmstadt,manchester,3.7707713898980496e-05,8,12,abd00d5cef12,histgb
darmstadt,bordeaux,3.5066216617808136e-05,9,12,abd00d5cef12,histgb
darmstadt,stuttgart,3.0967838557232025e-05,10,12,abd00d5cef12,histgb
darmstadt,basel,3.0866255201600025e-05,11,12,abd00d5cef12,histgb
darmstadt,torino,2.098489828178013e-05,12,12,abd00d5cef12,histgb
darmstadt,strasbourg,1.3237372977879419e-05,13,12,abd00d5cef12,histgb
darmstadt,augsburg,1.2552018265128116e-05,14,12,abd00d5cef12,histgb
darmstadt,constance,1.2251936485066784e-05,15,12,abd00d5cef12,histgb
darmstadt,toulouse,1.1443672461298162e-05,16,12,abd00d5cef12,histgb
darmstadt,london,9.661159160291146e-06,17,12,abd00d5cef12,histgb
darmstadt,GLOBAL,9.385042452726206e-06,18,12,abd00d5cef12,histgb
darmstadt,zurich,7.3388305190621885e-06,19,12,abd00d5cef12,histgb
darmstadt,essen,6.587019728863388e-06,20,12,abd00d5cef12,histgb
darmstadt,marseille,6.575164052421541e-06,21,12,abd00d5cef12,histgb
darmstadt,graz,6.1228087048373135e-06,22,12,abd00d5cef12,histgb
darmstadt,taipeh,1.08581078214604e-06,23,12,abd00d5cef12,histgb
darmstadt,madrid,5.359433880282223e-07,24,12,abd00d5cef12,histgb
darmstadt,luzern,3.646162359487547e-07,25,12,abd00d5cef12,histgb
darmstadt,kassel,-3.6443816799693482e-06,26,12,abd00d5cef12,histgb
darmstadt,cagliari,-3.6490933570827287e-06,27,12,abd00d5cef12,histgb
darmstadt,bern,-4.233329792174819e-06,28,12,abd00d5cef12,histgb
darmstadt,toronto,-1.0401063361736779e-05,29,12,abd00d5cef12,histgb
darmstadt,losangeles,-2.7672110809926568e-05,30,12,abd00d5cef12,histgb
darmstadt,paris,-0.00021425925537431353,31,12,abd00d5cef12,histgb
essen,augsburg,0.502648214012453,1,12,abd00d5cef12,histgb
essen,toronto,0.15590067254496107,2,12,abd00d5cef12,histgb
essen,graz,0.1344349039930751,3,12,abd00d5cef12,histgb
essen,stuttgart,0.07730584895466994,4,12,abd00d5cef12,histgb
essen,darmstadt,0.04703082343556829,5,12,abd00d5cef12,histgb
essen,hamburg,0.03790449454225384,6,12,abd00d5cef12,histgb
essen,santander,0.029605235194787236,7,12,abd00d5cef12,histgb
essen,basel,0.012166071926965982,8,12,abd00d5cef12,histgb
essen,wolfsburg,0.0030018537378490567,9,12,abd00d5cef12,histgb
essen,cagliari,1.9352740936959404e-05,10,12,abd00d5cef12,histgb
essen,manchester,1.9078842992582267e-05,11,12,abd00d5cef12,histgb
essen,bern,1.6928535377810452e-05,12,12,abd00d5cef12,histgb
essen,taipeh,1.413705833589634e-05,13,12,abd00d5cef12,histgb
essen,toulouse,1.0403728409178926e-05,14,12,abd00d5cef12,histgb
essen,strasbourg,1.0155492512897185e-05,15,12,abd00d5cef12,histgb
essen,bremen,9.53409552687924e-06,16,12,abd00d5cef12,histgb
essen,marseille,9.302719291992123e-06,17,12,abd00d5cef12,histgb
essen,torino,8.321920771594298e-06,18,12,abd00d5cef12,histgb
essen,madrid,5.552127652800277e-06,19,12,abd00d5cef12,histgb
essen,luzern,5.553962263931643e-07,20,12,abd00d5cef12,histgb
essen,zurich,-3.7013918944334263e-07,21,12,abd00d5cef12,histgb
essen,losangeles,-2.5405163357531374e-06,22,12,abd00d5cef12,histgb
essen,rotterdam,-3.248605959439938e-06,23,12,abd00d5cef12,histgb
essen,bordeaux,-4.660767979725695e-06,24,12,abd00d5cef12,histgb
essen,GLOBAL,-7.715019276211237e-06,25,12,abd00d5cef12,histgb
essen,london,-1.0154942337880089e-05,26,12,abd00d5cef12,histgb
essen,paris,-1.1848339916259894e-05,27,12,abd00d5cef12,histgb
essen,constance,-1.3921207026671964e-05,28,12,abd00d5cef12,histgb
essen,kassel,-1.4886889864735258e-05,29,12,abd00d5cef12,histgb
essen,speyer,-2.0456074616830552e-05,30,12,abd00d5cef12,histgb
essen,bolton,-3.173562197574361e-05,31,12,abd00d5cef12,histgb
graz,constance,0.20062680239647332,1,12,abd00d5cef12,histgb
graz,augsburg,0.17583778012220527,2,12,abd00d5cef12,histgb
graz,stuttgart,0.10374828757918088,3,12,abd00d5cef12,histgb
graz,basel,0.10033652628029816,4,12,abd00d5cef12,histgb
graz,darmstadt,0.08681900327776385,5,12,abd00d5cef12,histgb
graz,speyer,0.06110036620146802,6,12,abd00d5cef12,histgb
graz,zurich,0.05773456712273529,7,12,abd00d5cef12,histgb
graz,bordeaux,0.05471870703612469,8,12,abd00d5cef12,histgb
graz,london,0.051433269327409444,9,12,abd00d5cef12,histgb
graz,rotterdam,0.037728775932141974,10,12,abd00d5cef12,histgb
graz,toronto,0.030652680987734358,11,12,abd00d5cef12,histgb
graz,essen,0.02837569936787894,12,12,abd00d5cef12,histgb
graz,wolfsburg,0.010909046942360869,13,12,abd00d5cef12,histgb
graz,paris,1.6592352525197818e-05,14,12,abd00d5cef12,histgb
graz,losangeles,2.217490573674045e-06,15,12,abd00d5cef12,histgb
graz,luzern,1.9934474486799904e-06,16,12,abd00d5cef12,histgb
graz,bremen,1.287268559539099e-06,17,12,abd00d5cef12,histgb
graz,bern,1.2563141496244292e-06,18,12,abd00d5cef12,histgb
graz,hamburg,3.583016839722883e-07,19,12,abd00d5cef12,histgb
graz,kassel,-5.467584553094294e-08,20,12,abd00d5cef12,histgb
graz,madrid,-8.565078859298925e-07,21,12,abd00d5cef12,histgb
graz,toulouse,-1.1655100914590349e-06,22,12,abd00d5cef12,histgb
graz,GLOBAL,-2.2505267744527847e-06,23,12,abd00d5cef12,histgb
graz,torino,-2.2958343946692362e-06,24,12,abd00d5cef12,histgb
graz,strasbourg,-2.3722195080046425e-06,25,12,abd00d5cef12,histgb
graz,marseille,-2.5954852816244804e-06,26,12,abd00d5cef12,histgb
graz,santander,-4.508950596178496e-06,27,12,abd00d5cef12,histgb
graz,manchester,-4.910894246893286e-06,28,12,abd00d5cef12,histgb
graz,taipeh,-6.905868515768161e-06,29,12,abd00d5cef12,histgb
graz,cagliari,-6.945339853118548e-06,30,12,abd00d5cef12,histgb
graz,bolton,-1.0384130073927131e-05,31,12,abd00d5cef12,histgb
hamburg,marseille,0.193764563170026,1,12,abd00d5cef12,histgb
hamburg,darmstadt,0.18794252080321996,2,12,abd00d5cef12,histgb
hamburg,zurich,0.18208388770755912,3,12,abd00d5cef12,histgb
hamburg,bremen,0.16993661324199538,4,12,abd00d5cef12,histgb
hamburg,speyer,0.16123495720817937,5,12,abd00d5cef12,histgb
hamburg,strasbourg,0.07081894008342753,6,12,abd00d5cef12,histgb
hamburg,london,0.029921038788760637,7,12,abd00d5cef12,histgb
hamburg,bern,0.0043254340738150526,8,12,abd00d5cef12,histgb
hamburg,stuttgart,5.145292986827064e-06,9,12,abd00d5cef12,histgb
hamburg,bordeaux,4.135177800354407e-06,10,12,abd00d5cef12,histgb
hamburg,torino,3.4659459462400196e-06,11,12,abd00d5cef12,histgb
hamburg,wolfsburg,2.9708412578187036e-06,12,12,abd00d5cef12,histgb
hamburg,taipeh,2.3341413520682017e-06,13,12,abd00d5cef12,histgb
hamburg,losangeles,1.5916091161528494e-06,14,12,abd00d5cef12,histgb
hamburg,kassel,1.378889640324225e-06,15,12,abd00d5cef12,histgb
hamburg,toulouse,8.015255560615495e-07,16,12,abd00d5cef12,histgb
hamburg,essen,7.824353516650577e-07,17,12,abd00d5cef12,histgb
hamburg,augsburg,4.1223405912223404e-07,18,12,abd00d5cef12,histgb
hamburg,madrid,-4.109922157182719e-08,19,12,abd00d5cef12,histgb
hamburg,luzern,-7.867035111414376e-08,20,12,abd00d5cef12,histgb
hamburg,toronto,-5.102806081776127e-07,21,12,abd00d5cef12,histgb
hamburg,rotterdam,-1.2133735225478658e-06,22,12,abd00d5cef12,histgb
hamburg,bolton,-2.1610371836623133e-06,23,12,abd00d5cef12,histgb
hamburg,paris,-2.356985506976491e-06,24,12,abd00d5cef12,histgb
hamburg,manchester,-2.4197338294755193e-06,25,12,abd00d5cef12,histgb
hamburg,santander,-3.1131051682160167e-06,26,12,abd00d5cef12,histgb
hamburg,GLOBAL,-3.4142453819131282e-06,27,12,abd00d5cef12,histgb
hamburg,cagliari,-5.899066904789389e-06,28,12,abd00d5cef12,histgb
hamburg,basel,-6.0717411876089365e-06,29,12,abd00d5cef12,histgb
hamburg,graz,-8.408977220397553e-06,30,12,abd00d5cef12,histgb
hamburg,constance,-1.5222471515095453e-05,31,12,abd00d5cef12,histgb
kassel,marseille,0.3083361577008481,1,12,abd00d5cef12,histgb
kassel,torino,0.2433712727914988,2,12,abd00d5cef12,histgb
kassel,GLOBAL,0.16873166951743593,3,12,abd00d5cef12,histgb
kassel,santander,0.11489670526926643,4,12,abd00d5cef12,histgb
kassel,toronto,0.11352285105503104,5,12,abd00d5cef12,histgb
kassel,taipeh,0.02239472369057913,6,12,abd00d5cef12,histgb
kassel,paris,0.015347869030548597,7,12,abd00d5cef12,histgb
kassel,luzern,0.007268604254871931,8,12,abd00d5cef12,histgb
kassel,madrid,0.006236559237777424,9,12,abd00d5cef12,histgb
kassel,losangeles,2.7492013097618526e-06,10,12,abd00d5cef12,histgb
kassel,cagliari,8.075792861839055e-07,11,12,abd00d5cef12,histgb
kassel,bern,3.1240241282539775e-07,12,12,abd00d5cef12,histgb
kassel,bordeaux,-4.792283506986802e-09,13,12,abd00d5cef12,histgb
kassel,toulouse,-8.127553044358802e-07,14,12,abd00d5cef12,histgb
kassel,rotterdam,-1.0963124027166188e-06,15,12,abd00d5cef12,histgb
kassel,augsburg,-1.1311062944715507e-06,16,12,abd00d5cef12,histgb
kassel,stuttgart,-1.2296919832728048e-06,17,12,abd00d5cef12,histgb
kassel,manchester,-1.3716535553985344e-06,18,12,abd00d5cef12,histgb
kassel,essen,-4.259346163218613e-06,19,12,abd00d5cef12,histgb
kassel,bremen,-5.227803637437761e-06,20,12,abd00d5cef12,histgb
kassel,london,-5.346329340773648e-06,21,12,abd00d5cef12,histgb
kassel,basel,-5.704875340219669e-06,22,12,abd00d5cef12,histgb
kassel,strasbourg,-6.179408322989172e-06,23,12,abd00d5cef12,histgb
kassel,hamburg,-6.58469724176527e-06,24,12,abd00d5cef12,histgb
kassel,bolton,-6.803663558147497e-06,25,12,abd00d5cef12,histgb
kassel,zurich,-8.973629214191804e-06,26,12,abd00d5cef12,histgb
kassel,constance,-9.649040883001976e-06,27,12,abd00d5cef12,histgb
kassel,graz,-9.848914049756506e-06,28,12,abd00d5cef12,histgb
kassel,darmstadt,-1.0797905944120705e-05,29,12,abd00d5cef12,histgb
kassel,wolfsburg,-1.130999005000811e-05,30,12,abd00d5cef12,histgb
kassel,speyer,-1.3952962568080516e-05,31,12,abd00d5cef12,histgb
london,augsburg,0.20867681362292312,1,12,abd00d5cef12,histgb
london,stuttgart,0.15089786424303306,2,12,abd00d5cef12,histgb
london,zurich,0.14838891591302064,3,12,abd00d5cef12,histgb
london,darmstadt,0.14054186510976888,4,12,abd00d5cef12,histgb
london,hamburg,0.10122721261843119,5,12,abd00d5cef12,histgb
london,kassel,0.08783908867317898,6,12,abd00d5cef12,histgb
london,speyer,0.04910700546488215,7,12,abd00d5cef12,histgb
london,manchester,0.0444630915167444,8,12,abd00d5cef12,histgb
london,cagliari,0.029369662525862022,9,12,abd00d5cef12,histgb
london,madrid,0.020377236185696177,10,12,abd00d5cef12,histgb
london,marseille,0.015233765889285718,11,12,abd00d5cef12,histgb
london,losangeles,0.0038850247859631266,12,12,abd00d5cef12,histgb
london,paris,6.432390849006484e-06,13,12,abd00d5cef12,histgb
london,santander,4.014824253502897e-06,14,12,abd00d5cef12,histgb
london,rotterdam,3.030561465668755e-06,15,12,abd00d5cef12,histgb
london,bern,1.1434363192533309e-06,16,12,abd00d5cef12,histgb
london,bremen,1.0908741844129046e-06,17,12,abd00d5cef12,histgb
london,luzern,7.796255004129794e-07,18,12,abd00d5cef12,histgb
london,wolfsburg,6.021398935764693e-07,19,12,abd00d5cef12,histgb
london,GLOBAL,4.7232101464311946e-07,20,12,abd00d5cef12,histgb
london,taipeh,3.5587559595889894e-07,21,12,abd00d5cef12,histgb
london,toronto,2.72434209352064e-07,22,12,abd00d5cef12,histgb
london,strasbourg,-1.0732476934992319e-07,23,12,abd00d5cef12,histgb
london,toulouse,-5.61488993241338e-07,24,12,abd00d5cef12,histgb
london,essen,-1.6038939388199762e-06,25,12,abd00d5cef12,histgb
london,graz,-3.2853387008296996e-06,26,12,abd00d5cef12,histgb
london,torino,-3.3923206028579674e-06,27,12,abd00d5cef12,histgb
london,bolton,-3.4117603811171928e-06,28,12,abd00d5cef12,histgb
london,basel,-3.5236699340632024e-06,29,12,abd00d5cef12,histgb
london,bordeaux,-3.6153161808061684e-06,30,12,abd00d5cef12,histgb
london,constance,-6.26416519105541e-06,31,12,abd00d5cef12,histgb
losangeles,marseille,0.28504231502480615,1,12,abd00d5cef12,histgb
losangeles,taipeh,0.20169325120360468,2,12,abd00d5cef12,histgb
losangeles,manchester,0.17551870326406135,3,12,abd00d5cef12,histgb
losangeles,madrid,0.15940713556783845,4,12,abd00d5cef12,histgb
losangeles,rotterdam,0.07528327841128456,5,12,abd00d5cef12,histgb
losangeles,basel,0.05126894218437725,6,12,abd00d5cef12,histgb
losangeles,GLOBAL,0.03132201468775084,7,12,abd00d5cef12,histgb
losangeles,augsburg,0.01542822015058054,8,12,abd00d5cef12,histgb
losangeles,toulouse,0.005031042157612983,9,12,abd00d5cef12,histgb
losangeles,essen,8.794595797228117e-07,10,12,abd00d5cef12,histgb
losangeles,darmstadt,7.306840416309572e-07,11,12,abd00d5cef12,histgb
losangeles,graz,6.240625211309269e-07,12,12,abd00d5cef12,histgb
losangeles,wolfsburg,5.077492371368053e-07,13,12,abd00d5cef12,histgb
losangeles,constance,4.3376197964287574e-07,14,12,abd00d5cef12,histgb
losangeles,toronto,4.2748999328856427e-07,15,12,abd00d5cef12,histgb
losangeles,bolton,3.5741591955570375e-07,16,12,abd00d5cef12,histgb
losangeles,paris,3.376450760249622e-07,17,12,abd00d5cef12,histgb
losangeles,bern,2.789030248511221e-07,18,12,abd00d5cef12,histgb
losangeles,speyer,2.7491230620605476e-07,19,12,abd00d5cef12,histgb
losangeles,santander,2.0521703298180808e-07,20,12,abd00d5cef12,histgb
losangeles,london,8.709617104579137e-08,21,12,abd00d5cef12,histgb
losangeles,bremen,6.448988032743756e-08,22,12,abd00d5cef12,histgb
losangeles,stuttgart,2.580381542250055e-08,23,12,abd00d5cef12,histgb
losangeles,strasbourg,1.8074549207404064e-08,24,12,abd00d5cef12,histgb
losangeles,zurich,1.0846156640180596e-08,25,12,abd00d5cef12,histgb
losangeles,cagliari,5.13067842376838e-09,26,12,abd00d5cef12,histgb
losangeles,torino,-8.89978355181836e-09,27,12,abd00d5cef12,histgb
losangeles,kassel,-2.2678087688253347e-08,28,12,abd00d5cef12,histgb
losangeles,luzern,-2.5112433355280776e-08,29,12,abd00d5cef12,histgb
losangeles,bordeaux,-4.907969034669475e-08,30,12,abd00d5cef12,histgb
losangeles,hamburg,-7.050194107660521e-08,31,12,abd00d5cef12,histgb
luzern,GLOBAL,0.991482489753543,1,12,abd00d5cef12,histgb
luzern,losangeles,0.04661857904782084,2,12,abd00d5cef12,histgb
luzern,bolton,0.002522988504295429,3,12,abd00d5cef12,histgb
luzern,torino,0.0014315272569568902,4,12,abd00d5cef12,histgb
luzern,madrid,0.0005068209154549864,5,12,abd00d5cef12,histgb
luzern,bordeaux,0.0002305571953321995,6,12,abd00d5cef12,histgb
luzern,constance,0.00011830276315994096,7,12,abd00d5cef12,histgb
luzern,taipeh,1.406167248857634e-05,8,12,abd00d5cef12,histgb
luzern,bern,-0.00021966041344432757,9,12,abd00d5cef12,histgb
luzern,cagliari,-0.00022787480310031233,10,12,abd00d5cef12,histgb
luzern,toulouse,-0.0003428279502401215,11,12,abd00d5cef12,histgb
luzern,speyer,-0.0005216535461260168,12,12,abd00d5cef12,histgb
luzern,graz,-0.0005826128818887285,13,12,abd00d5cef12,histgb
luzern,paris,-0.0006659322914215886,14,12,abd00d5cef12,histgb
luzern,marseille,-0.0008752048431066778,15,12,abd00d5cef12,histgb
luzern,manchester,-0.0011327674770291766,16,12,abd00d5cef12,histgb
luzern,basel,-0.0012680978647403806,17,12,abd00d5cef12,histgb
luzern,toronto,-0.0015158090762998721,18,12,abd00d5cef12,histgb
luzern,london,-0.001576137941213887,19,12,abd00d5cef12,histgb
luzern,stuttgart,-0.0019697112729078195,20,12,abd00d5cef12,histgb
luzern,essen,-0.0020119073732536652,21,12,abd00d5cef12,histgb
luzern,zurich,-0.002053247467441272,22,12,abd00d5cef12,histgb
luzern,wolfsburg,-0.002086179647907779,23,12,abd00d5cef12,histgb
luzern,augsburg,-0.002375110530598182,24,12,abd00d5cef12,histgb
luzern,bremen,-0.0024595277751450484,25,12,abd00d5cef12,histgb
luzern,kassel,-0.0024975005507918116,26,12,abd00d5cef12,histgb
luzern,darmstadt,-0.0028041060261859777,27,12,abd00d5cef12,histgb
luzern,hamburg,-0.002990169274273032,28,12,abd00d5cef12,histgb
luzern,strasbourg,-0.0039223923180353535,29,12,abd00d5cef12,histgb
luzern,rotterdam,-0.003976787187598234,30,12,abd00d5cef12,histgb
luzern,santander,-0.004824545111127249,31,12,abd00d5cef12,histgb
madrid,taipeh,0.5596580040546218,1,12,abd00d5cef12,histgb
madrid,bordeaux,0.11961723768800905,2,12,abd00d5cef12,histgb
madrid,losangeles,0.07709352080401197,3,12,abd00d5cef12,histgb
madrid,manchester,0.0706147913482535,4,12,abd00d5cef12,histgb
madrid,torino,0.0545431861909651,5,12,abd00d5cef12,histgb
madrid,toulouse,0.04299783572542601,6,12,abd00d5cef12,histgb
madrid,kassel,0.02996273519736818,7,12,abd00d5cef12,histgb
madrid,paris,0.024784472794090958,8,12,abd00d5cef12,histgb
madrid,cagliari,0.019319272598079754,9,12,abd00d5cef12,histgb
madrid,marseille,0.002512019178971162,10,12,abd00d5cef12,histgb
madrid,hamburg,1.3261202599750853e-05,11,12,abd00d5cef12,histgb
madrid,luzern,9.801147319974172e-06,12,12,abd00d5cef12,histgb
madrid,augsburg,7.952377646452952e-06,13,12,abd00d5cef12,histgb
madrid,bern,6.43797217681433e-06,14,12,abd00d5cef12,histgb
madrid,GLOBAL,-2.4296830813375597e-06,15,12,abd00d5cef12,histgb
madrid,london,-4.429607647693065e-06,16,12,abd00d5cef12,histgb
madrid,strasbourg,-1.3212936047007988e-05,17,12,abd00d5cef12,histgb
madrid,stuttgart,-2.075216011306932e-05,18,12,abd00d5cef12,histgb
madrid,bremen,-2.970202463143843e-05,19,12,abd00d5cef12,histgb
madrid,rotterdam,-3.1327827743954203e-05,20,12,abd00d5cef12,histgb
madrid,santander,-3.335000177235727e-05,21,12,abd00d5cef12,histgb
madrid,zurich,-4.3001698496546394e-05,22,12,abd00d5cef12,histgb
madrid,wolfsburg,-4.340496156981662e-05,23,12,abd00d5cef12,histgb
madrid,darmstadt,-6.886325966501374e-05,24,12,abd00d5cef12,histgb
madrid,bolton,-7.624696787352165e-05,25,12,abd00d5cef12,histgb
madrid,basel,-8.827661049451558e-05,26,12,abd00d5cef12,histgb
madrid,toronto,-0.00010465518607318082,27,12,abd00d5cef12,histgb
madrid,speyer,-0.00012660213326544956,28,12,abd00d5cef12,histgb
madrid,essen,-0.00012748273808919214,29,12,abd00d5cef12,histgb
madrid,graz,-0.00014984475838554715,30,12,abd00d5cef12,histgb
madrid,constance,-0.00017630240582281934,31,12,abd00d5cef12,histgb
manchester,bolton,0.41132827309030895,1,12,abd00d5cef12,histgb
manchester,torino,0.287402953223102,2,12,abd00d5cef12,histgb
manchester,strasbourg,0.10543404190015644,3,12,abd00d5cef12,histgb
manchester,GLOBAL,0.06170880433070146,4,12,abd00d5cef12,histgb
manchester,marseille,0.050656387950071435,5,12,abd00d5cef12,histgb
manchester,augsburg,0.043164581952292794,6,12,abd00d5cef12,histgb
manchester,losangeles,0.02145691191993713,7,12,abd00d5cef12,histgb
manchester,taipeh,0.01827653432142154,8,12,abd00d5cef12,histgb
manchester,luzern,0.0005828966297481407,9,12,abd00d5cef12,histgb
manchester,bern,3.121975815995932e-05,10,12,abd00d5cef12,histgb
manchester,constance,5.615345799771166e-06,11,12,abd00d5cef12,histgb
manchester,stuttgart,3.169915820798947e-06,12,12,abd00d5cef12,histgb
manchester,essen,2.140823963593325e-06,13,12,abd00d5cef12,histgb
manchester,toulouse,1.1654485329767569e-06,14,12,abd00d5cef12,histgb
manchester,darmstadt,5.290006592086881e-07,15,12,abd00d5cef12,histgb
manchester,bremen,-1.1465251228658438e-07,16,12,abd00d5cef12,histgb
manchester,basel,-4.882540321269933e-07,17,12,abd00d5cef12,histgb
manchester,santander,-1.2805538139131432e-06,18,12,abd00d5cef12,histgb
manchester,cagliari,-1.5620367235768662e-06,19,12,abd00d5cef12,histgb
manchester,london,-1.711541507114022e-06,20,12,abd00d5cef12,histgb
manchester,bordeaux,-1.8827593315209138e-06,21,12,abd00d5cef12,histgb
manchester,wolfsburg,-2.062648609977605e-06,22,12,abd00d5cef12,histgb
manchester,kassel,-2.7379697183524e-06,23,12,abd00d5cef12,histgb
manchester,graz,-2.9779506821956266e-06,24,12,abd00d5cef12,histgb
manchester,zurich,-3.1688931353572163e-06,25,12,abd00d5cef12,histgb
manchester,hamburg,-3.5707725923950997e-06,26,12,abd00d5cef12,histgb
manchester,toronto,-3.6330484128613652e-06,27,12,abd00d5cef12,histgb
manchester,rotterdam,-4.348395599309661e-06,28,12,abd00d5cef12,histgb
manchester,madrid,-5.760781480080024e-06,29,12,abd00d5cef12,histgb
manchester,speyer,-9.710062660581464e-06,30,12,abd00d5cef12,histgb
manchester,paris,-1.0195912706264814e-05,31,12,abd00d5cef12,histgb
marseille,cagliari,0.333769097216546,1,12,abd00d5cef12,histgb
marseille,torino,0.2939701943338829,2,12,abd00d5cef12,histgb
marseille,GLOBAL,0.1782822014824683,3,12,abd00d5cef12,histgb
marseille,kassel,0.08704568623248378,4,12,abd00d5cef12,histgb
marseille,manchester,0.04741652074859704,5,12,abd00d5cef12,histgb
marseille,paris,0.0354444462076161,6,12,abd00d5cef12,histgb
marseille,taipeh,0.01663655708861424,7,12,abd00d5cef12,histgb
marseille,toulouse,0.0065251052208653995,8,12,abd00d5cef12,histgb
marseille,luzern,0.0008967149972949608,9,12,abd00d5cef12,histgb
marseille,bremen,7.082358753545069e-06,10,12,abd00d5cef12,histgb
marseille,rotterdam,6.4667463744736635e-06,11,12,abd00d5cef12,histgb
marseille,hamburg,5.680746992348811e-06,12,12,abd00d5cef12,histgb
marseille,london,3.3413120919188753e-06,13,12,abd00d5cef12,histgb
marseille,santander,2.9659773409923427e-06,14,12,abd00d5cef12,histgb
marseille,bordeaux,2.834253791073759e-06,15,12,abd00d5cef12,histgb
marseille,darmstadt,2.7998617544342073e-06,16,12,abd00d5cef12,histgb
marseille,wolfsburg,2.4144712290385125e-06,17,12,abd00d5cef12,histgb
marseille,augsburg,2.334779187943e-06,18,12,abd00d5cef12,histgb
marseille,essen,1.929370746678049e-06,19,12,abd00d5cef12,histgb
marseille,strasbourg,1.9012395764050667e-06,20,12,abd00d5cef12,histgb
marseille,zurich,6.75841203856706e-07,21,12,abd00d5cef12,histgb
marseille,bern,1.460685757444346e-07,22,12,abd00d5cef12,histgb
marseille,madrid,-1.3388021392467044e-07,23,12,abd00d5cef12,histgb
marseille,constance,-4.463079790244811e-07,24,12,abd00d5cef12,histgb
marseille,speyer,-6.692776095402011e-07,25,12,abd00d5cef12,histgb
marseille,stuttgart,-1.8686487673850743e-06,26,12,abd00d5cef12,histgb
marseille,losangeles,-2.9740034260023126e-06,27,12,abd00d5cef12,histgb
marseille,toronto,-4.479550341977898e-06,28,12,abd00d5cef12,histgb
marseille,bolton,-4.524627479733818e-06,29,12,abd00d5cef12,histgb
marseille,graz,-5.218699934189371e-06,30,12,abd00d5cef12,histgb
marseille,basel,-6.7781248548595675e-06,31,12,abd00d5cef12,histgb
paris,GLOBAL,0.8407694242838999,1,12,abd00d5cef12,histgb
paris,santander,0.10137290782755055,2,12,abd00d5cef12,histgb
paris,bern,0.025057319626420632,3,12,abd00d5cef12,histgb
paris,graz,0.012773417493463135,4,12,abd00d5cef12,histgb
paris,constance,0.012234005398728149,5,12,abd00d5cef12,histgb
paris,toronto,0.008734068512951861,6,12,abd00d5cef12,histgb
paris,speyer,0.0075302683891763905,7,12,abd00d5cef12,histgb
paris,basel,0.00647085265816269,8,12,abd00d5cef12,histgb
paris,essen,0.004372345330789203,9,12,abd00d5cef12,histgb
paris,bordeaux,0.002398170664432084,10,12,abd00d5cef12,histgb
paris,wolfsburg,0.002271612498850054,11,12,abd00d5cef12,histgb
paris,zurich,0.0016185473584499864,12,12,abd00d5cef12,histgb
paris,stuttgart,0.001129865682040212,13,12,abd00d5cef12,histgb
paris,kassel,0.00026145453942496324,14,12,abd00d5cef12,histgb
paris,darmstadt,-8.646192992690832e-06,15,12,abd00d5cef12,histgb
paris,torino,-0.00018623117366150241,16,12,abd00d5cef12,histgb
paris,taipeh,-0.00039984645409299414,17,12,abd00d5cef12,histgb
paris,toulouse,-0.00047789982574048516,18,12,abd00d5cef12,histgb
paris,marseille,-0.0007292860043437898,19,12,abd00d5cef12,histgb
paris,luzern,-0.0010395351088810089,20,12,abd00d5cef12,histgb
paris,london,-0.0010870408643660415,21,12,abd00d5cef12,histgb
paris,cagliari,-0.0012467770357159238,22,12,abd00d5cef12,histgb
paris,madrid,-0.001287181235985837,23,12,abd00d5cef12,histgb
paris,bremen,-0.0012914647277542006,24,12,abd00d5cef12,histgb
paris,augsburg,-0.0018622289916314873,25,12,abd00d5cef12,histgb
paris,strasbourg,-0.001962607534273739,26,12,abd00d5cef12,histgb
paris,bolton,-0.0019811658940579154,27,12,abd00d5cef12,histgb
paris,losangeles,-0.0022887252997552125,28,12,abd00d5cef12,histgb
paris,rotterdam,-0.003128501254212783,29,12,abd00d5cef12,histgb
paris,manchester,-0.0033902852964445606,30,12,abd00d5cef12,histgb
paris,hamburg,-0.004698025063259302,31,12,abd00d5cef12,histgb
rotterdam,essen,0.3559135643432627,1,12,abd00d5cef12,histgb
rotterdam,kassel,0.20087035302587014,2,12,abd00d5cef12,histgb
rotterdam,darmstadt,0.18742641820864359,3,12,abd00d5cef12,histgb
rotterdam,toronto,0.1509503970899999,4,12,abd00d5cef12,histgb
rotterdam,basel,0.07033644554735792,5,12,abd00d5cef12,histgb
rotterdam,london,0.016675410609761004,6,12,abd00d5cef12,histgb
rotterdam,bern,0.011335720240870182,7,12,abd00d5cef12,histgb
rotterdam,paris,0.006592843269393908,8,12,abd00d5cef12,histgb
rotterdam,manchester,1.9688437670387113e-05,9,12,abd00d5cef12,histgb
rotterdam,bolton,1.1943621620209282e-05,10,12,abd00d5cef12,histgb
rotterdam,stuttgart,1.1424467542552782e-05,11,12,abd00d5cef12,histgb
rotterdam,constance,9.227939910561736e-06,12,12,abd00d5cef12,histgb
rotterdam,speyer,2.890254880721026e-06,13,12,abd00d5cef12,histgb
rotterdam,marseille,3.8117484086687713e-07,14,12,abd00d5cef12,histgb
rotterdam,luzern,1.2161978454916707e-07,15,12,abd00d5cef12,histgb
rotterdam,toulouse,-3.2384146737926154e-07,16,12,abd00d5cef12,histgb
rotterdam,hamburg,-4.3373767154949546e-07,17,12,abd00d5cef12,histgb
rotterdam,losangeles,-4.4726724437529374e-07,18,12,abd00d5cef12,histgb
rotterdam,strasbourg,-1.364352048905809e-06,19,12,abd00d5cef12,histgb
rotterdam,madrid,-2.9926714836031312e-06,20,12,abd00d5cef12,histgb
rotterdam,augsburg,-4.4965781662136506e-06,21,12,abd00d5cef12,histgb
rotterdam,zurich,-5.29612008612524e-06,22,12,abd00d5cef12,histgb
rotterdam,santander,-5.607140807584179e-06,23,12,abd00d5cef12,histgb
rotterdam,torino,-8.83190997197801e-06,24,12,abd00d5cef12,histgb
rotterdam,cagliari,-1.002765841081146e-05,25,12,abd00d5cef12,histgb
rotterdam,bordeaux,-1.1562689261036869e-05,26,12,abd00d5cef12,histgb
rotterdam,taipeh,-1.1998444944976333e-05,27,12,abd00d5cef12,histgb
rotterdam,bremen,-1.2408897200880193e-05,28,12,abd00d5cef12,histgb
rotterdam,wolfsburg,-1.346725351262592e-05,29,12,abd00d5cef12,histgb
rotterdam,GLOBAL,-1.6926530314225872e-05,30,12,abd00d5cef12,histgb
rotterdam,graz,-5.053911165850751e-05,31,12,abd00d5cef12,histgb
santander,toronto,0.32159839881627766,1,12,abd00d5cef12,histgb
santander,paris,0.26531506127559956,2,12,abd00d5cef12,histgb
santander,constance,0.2504051790282042,3,12,abd00d5cef12,histgb
santander,kassel,0.15824549978036148,4,12,abd00d5cef12,histgb
santander,darmstadt,0.004596874871571701,5,12,abd00d5cef12,histgb
santander,bern,2.2176848168103547e-05,6,12,abd00d5cef12,histgb
santander,essen,2.0859141272608407e-05,7,12,abd00d5cef12,histgb
santander,manchester,1.772928861679742e-05,8,12,abd00d5cef12,histgb
santander,taipeh,1.0235807859467595e-05,9,12,abd00d5cef12,histgb
santander,marseille,9.453759098000076e-06,10,12,abd00d5cef12,histgb
santander,toulouse,7.382438229160046e-06,11,12,abd00d5cef12,histgb
santander,bolton,7.217477851904843e-06,12,12,abd00d5cef12,histgb
santander,madrid,6.953125817415822e-06,13,12,abd00d5cef12,histgb
santander,augsburg,5.082615962735615e-06,14,12,abd00d5cef12,histgb
santander,losangeles,4.7073321617951385e-06,15,12,abd00d5cef12,histgb
santander,graz,3.7447044151129696e-06,16,12,abd00d5cef12,histgb
santander,torino,2.677089650978833e-06,17,12,abd00d5cef12,histgb
santander,luzern,5.7619949117508645e-08,18,12,abd00d5cef12,histgb
santander,GLOBAL,-1.732792779072299e-06,19,12,abd00d5cef12,histgb
santander,bremen,-4.530235879136307e-06,20,12,abd00d5cef12,histgb
santander,wolfsburg,-5.564087136339525e-06,21,12,abd00d5cef12,histgb
santander,hamburg,-5.7963615567868665e-06,22,12,abd00d5cef12,histgb
santander,bordeaux,-6.746387321545348e-06,23,12,abd00d5cef12,histgb
santander,strasbourg,-1.0608035535383539e-05,24,12,abd00d5cef12,histgb
santander,stuttgart,-1.4048177230408704e-05,25,12,abd00d5cef12,histgb
santander,rotterdam,-1.5254128889903504e-05,26,12,abd00d5cef12,histgb
santander,cagliari,-2.4124509543133295e-05,27,12,abd00d5cef12,histgb
santander,london,-2.805354361358191e-05,28,12,abd00d5cef12,histgb
santander,basel,-3.809080952852601e-05,29,12,abd00d5cef12,histgb
santander,zurich,-5.510852282606004e-05,30,12,abd00d5cef12,histgb
santander,speyer,-6.993501313886906e-05,31,12,abd00d5cef12,histgb
speyer,bremen,0.4605498219850324,1,12,abd00d5cef12,histgb
speyer,constance,0.2188779496926597,2,12,abd00d5cef12,histgb
speyer,darmstadt,0.17042282514958637,3,12,abd00d5cef12,histgb
speyer,hamburg,0.14103266658949346,4,12,abd00d5cef12,histgb
speyer,manchester,0.009262798268590685,5,12,abd00d5cef12,histgb
speyer,paris,2.0999625573874806e-05,6,12,abd00d5cef12,histgb
speyer,cagliari,8.225182998618356e-06,7,12,abd00d5cef12,histgb
speyer,marseille,6.136364657474258e-06,8,12,abd00d5cef12,histgb
speyer,toronto,2.953872196400538e-06,9,12,abd00d5cef12,histgb
speyer,taipeh,1.8834156387135027e-06,10,12,abd00d5cef12,histgb
speyer,luzern,1.8848688114664968e-07,11,12,abd00d5cef12,histgb
speyer,madrid,-3.0566543598759046e-07,12,12,abd00d5cef12,histgb
speyer,zurich,-4.015510674299615e-07,13,12,abd00d5cef12,histgb
speyer,wolfsburg,-4.595860165735342e-07,14,12,abd00d5cef12,histgb
speyer,strasbourg,-1.204506750869702e-06,15,12,abd00d5cef12,histgb
speyer,london,-3.3590903893934137e-06,16,12,abd00d5cef12,histgb
speyer,bern,-5.331168633762368e-06,17,12,abd00d5cef12,histgb
speyer,kassel,-6.4542057788601615e-06,18,12,abd00d5cef12,histgb
speyer,torino,-7.4751286669349256e-06,19,12,abd00d5cef12,histgb
speyer,GLOBAL,-7.82409004115684e-06,20,12,abd00d5cef12,histgb
speyer,stuttgart,-8.830822626300881e-06,21,12,abd00d5cef12,histgb
speyer,toulouse,-9.392270794618482e-06,22,12,abd00d5cef12,histgb
speyer,bordeaux,-1.0609577952357149e-05,23,12,abd00d5cef12,histgb
speyer,augsburg,-1.1248918825333973e-05,24,12,abd00d5cef12,histgb
speyer,basel,-1.1966099403913837e-05,25,12,abd00d5cef12,histgb
speyer,rotterdam,-1.283311345896177e-05,26,12,abd00d5cef12,histgb
speyer,losangeles,-1.3856717119421578e-05,27,12,abd00d5cef12,histgb
speyer,graz,-1.4752051430384166e-05,28,12,abd00d5cef12,histgb
speyer,essen,-1.5460137644075145e-05,29,12,abd00d5cef12,histgb
speyer,santander,-1.9035177249358125e-05,30,12,abd00d5cef12,histgb
speyer,bolton,-2.5749509600044383e-05,31,12,abd00d5cef12,histgb
strasbourg,hamburg,0.19601668676016729,1,12,abd00d5cef12,histgb
strasbourg,zurich,0.15337250811860034,2,12,abd00d5cef12,histgb
strasbourg,cagliari,0.11146031316438412,3,12,abd00d5cef12,histgb
strasbourg,speyer,0.11107940168666595,4,12,abd00d5cef12,histgb
strasbourg,toulouse,0.10077715969270994,5,12,abd00d5cef12,histgb
strasbourg,bremen,0.09405378220409297,6,12,abd00d5cef12,histgb
strasbourg,manchester,0.08224885269015096,7,12,abd00d5cef12,histgb
strasbourg,london,0.038562485673500416,8,12,abd00d5cef12,histgb
strasbourg,darmstadt,0.037398268340069214,9,12,abd00d5cef12,histgb
strasbourg,marseille,0.02087744659984384,10,12,abd00d5cef12,histgb
strasbourg,GLOBAL,0.020591654834482363,11,12,abd00d5cef12,histgb
strasbourg,torino,0.013140421854182615,12,12,abd00d5cef12,histgb
strasbourg,rotterdam,0.011351398032666805,13,12,abd00d5cef12,histgb
strasbourg,bern,0.009074335580959403,14,12,abd00d5cef12,histgb
strasbourg,losangeles,1.170736652196387e-07,15,12,abd00d5cef12,histgb
strasbourg,taipeh,8.375247232346889e-08,16,12,abd00d5cef12,histgb
strasbourg,madrid,1.5494210780867393e-08,17,12,abd00d5cef12,histgb
strasbourg,luzern,2.7875793079715406e-09,18,12,abd00d5cef12,histgb
strasbourg,augsburg,-2.1619129634070138e-08,19,12,abd00d5cef12,histgb
strasbourg,kassel,-2.59088314407986e-08,20,12,abd00d5cef12,histgb
strasbourg,paris,-5.552882744604714e-08,21,12,abd00d5cef12,histgb
strasbourg,bolton,-9.136218048108928e-08,22,12,abd00d5cef12,histgb
strasbourg,santander,-1.2519857638760144e-07,23,12,abd00d5cef12,histgb
strasbourg,bordeaux,-1.4791840414867866e-07,24,12,abd00d5cef12,histgb
strasbourg,wolfsburg,-3.0948194897848146e-07,25,12,abd00d5cef12,histgb
strasbourg,stuttgart,-4.3773186662431726e-07,26,12,abd00d5cef12,histgb
strasbourg,graz,-5.048581998118183e-07,27,12,abd00d5cef12,histgb
strasbourg,essen,-5.184833281549834e-07,28,12,abd00d5cef12,histgb
strasbourg,basel,-6.405968483591306e-07,29,12,abd00d5cef12,histgb
strasbourg,constance,-8.079812955732798e-07,30,12,abd00d5cef12,histgb
strasbourg,toronto,-1.2423210067808698e-06,31,12,abd00d5cef12,histgb
stuttgart,london,0.23788951959886526,1,12,abd00d5cef12,histgb
stuttgart,toronto,0.21152024599552044,2,12,abd00d5cef12,histgb
stuttgart,basel,0.19873863228491928,3,12,abd00d5cef12,histgb
stuttgart,essen,0.15226775762367223,4,12,abd00d5cef12,histgb
stuttgart,zurich,0.11198014789749408,5,12,abd00d5cef12,histgb
stuttgart,torino,0.04673111291789123,6,12,abd00d5cef12,histgb
stuttgart,bolton,0.03527723199251932,7,12,abd00d5cef12,histgb
stuttgart,luzern,0.003718211235932691,8,12,abd00d5cef12,histgb
stuttgart,wolfsburg,0.001783599343372798,9,12,abd00d5cef12,histgb
stuttgart,constance,3.9684333070981414e-05,10,12,abd00d5cef12,histgb
stuttgart,speyer,1.939718084121236e-05,11,12,abd00d5cef12,histgb
stuttgart,graz,1.8256421335010487e-05,12,12,abd00d5cef12,histgb
stuttgart,manchester,9.448151688613908e-06,13,12,abd00d5cef12,histgb
stuttgart,bremen,9.061338751302632e-06,14,12,abd00d5cef12,histgb
stuttgart,cagliari,8.62629732293039e-06,15,12,abd00d5cef12,histgb
stuttgart,strasbourg,7.970493979722998e-06,16,12,abd00d5cef12,histgb
stuttgart,hamburg,5.258134977930488e-06,17,12,abd00d5cef12,histgb
stuttgart,GLOBAL,4.043931755137759e-06,18,12,abd00d5cef12,histgb
stuttgart,toulouse,3.4360928795119163e-06,19,12,abd00d5cef12,histgb
stuttgart,taipeh,2.997496437610073e-06,20,12,abd00d5cef12,histgb
stuttgart,marseille,2.4034903587231716e-06,21,12,abd00d5cef12,histgb
stuttgart,madrid,2.365281475547468e-06,22,12,abd00d5cef12,histgb
stuttgart,darmstadt,-2.5285048883356906e-08,23,12,abd00d5cef12,histgb
stuttgart,santander,-2.499697460292512e-07,24,12,abd00d5cef12,histgb
stuttgart,bern,-7.132482828637287e-07,25,12,abd00d5cef12,histgb
stuttgart,bordeaux,-1.1470580319117066e-06,26,12,abd00d5cef12,histgb
stuttgart,kassel,-1.4476974155585454e-06,27,12,abd00d5cef12,histgb
stuttgart,augsburg,-1.4791079221167617e-06,28,12,abd00d5cef12,histgb
stuttgart,rotterdam,-1.0507382099619734e-05,29,12,abd00d5cef12,histgb
stuttgart,losangeles,-1.1471501458064445e-05,30,12,abd00d5cef12,histgb
stuttgart,paris,-1.2612315406576896e-05,31,12,abd00d5cef12,histgb
taipeh,GLOBAL,0.3160749152820915,1,12,abd00d5cef12,histgb
taipeh,cagliari,0.2469910090865282,2,12,abd00d5cef12,histgb
taipeh,marseille,0.22274741942585294,3,12,abd00d5cef12,histgb
taipeh,torino,0.0794377573065759,4,12,abd00d5cef12,histgb
taipeh,manchester,0.07145494028738214,5,12,abd00d5cef12,histgb
taipeh,losangeles,0.032603535309341326,6,12,abd00d5cef12,histgb
taipeh,madrid,0.019366389876392213,7,12,abd00d5cef12,histgb
taipeh,wolfsburg,0.007334008934721314,8,12,abd00d5cef12,histgb
taipeh,bern,0.002797140352315355,9,12,abd00d5cef12,histgb
taipeh,toulouse,0.0011892765795635946,10,12,abd00d5cef12,histgb
taipeh,toronto,4.192050892636232e-07,11,12,abd00d5cef12,histgb
taipeh,graz,3.854699334172676e-07,12,12,abd00d5cef12,histgb
taipeh,constance,3.179656206283395e-07,13,12,abd00d5cef12,histgb
taipeh,darmstadt,2.6740985564461017e-07,14,12,abd00d5cef12,histgb
taipeh,essen,2.5233840057332157e-07,15,12,abd00d5cef12,histgb
taipeh,rotterdam,2.201666034352006e-07,16,12,abd00d5cef12,histgb
taipeh,basel,2.0672880827928904e-07,17,12,abd00d5cef12,histgb
taipeh,speyer,2.0648777870358393e-07,18,12,abd00d5cef12,histgb
taipeh,hamburg,1.8547601024566597e-07,19,12,abd00d5cef12,histgb
taipeh,santander,1.8043433560460813e-07,20,12,abd00d5cef12,histgb
taipeh,zurich,1.544480323045463e-07,21,12,abd00d5cef12,histgb
taipeh,stuttgart,1.3701661367950485e-07,22,12,abd00d5cef12,histgb
taipeh,london,1.2056211398891968e-07,23,12,abd00d5cef12,histgb
taipeh,bremen,1.1273257230425618e-07,24,12,abd00d5cef12,histgb
taipeh,paris,1.0948152969839436e-07,25,12,abd00d5cef12,histgb
taipeh,strasbourg,1.0307500038178265e-07,26,12,abd00d5cef12,histgb
taipeh,augsburg,6.89126384096603e-08,27,12,abd00d5cef12,histgb
taipeh,kassel,6.751304034247075e-08,28,12,abd00d5cef12,histgb
taipeh,bolton,5.045963254168737e-08,29,12,abd00d5cef12,histgb
taipeh,luzern,2.693693157695732e-08,30,12,abd00d5cef12,histgb
taipeh,bordeaux,1.2214311787362668e-08,31,12,abd00d5cef12,histgb
torino,manchester,0.30496558527135603,1,12,abd00d5cef12,histgb
torino,bordeaux,0.24601424636143346,2,12,abd00d5cef12,histgb
torino,toronto,0.10830927076343896,3,12,abd00d5cef12,histgb
torino,marseille,0.10005244362878071,4,12,abd00d5cef12,histgb
torino,constance,0.06627351559397747,5,12,abd00d5cef12,histgb
torino,taipeh,0.05926062359228102,6,12,abd00d5cef12,histgb
torino,essen,0.05708956106422879,7,12,abd00d5cef12,histgb
torino,toulouse,0.023746628981931178,8,12,abd00d5cef12,histgb
torino,stuttgart,0.01724985714165885,9,12,abd00d5cef12,histgb
torino,strasbourg,0.017043725410276087,10,12,abd00d5cef12,histgb
torino,bremen,3.1469088804738556e-06,11,12,abd00d5cef12,histgb
torino,basel,2.8691289320299457e-06,12,12,abd00d5cef12,histgb
torino,london,2.1685971136422605e-06,13,12,abd00d5cef12,histgb
torino,kassel,1.5182940895792922e-06,14,12,abd00d5cef12,histgb
torino,bolton,1.0951092548493507e-06,15,12,abd00d5cef12,histgb
torino,madrid,5.167108491242805e-07,16,12,abd00d5cef12,histgb
torino,wolfsburg,3.970408276746933e-07,17,12,abd00d5cef12,histgb
torino,GLOBAL,3.179356413848456e-07,18,12,abd00d5cef12,histgb
torino,speyer,9.896077230512423e-08,19,12,abd00d5cef12,histgb
torino,luzern,-3.477349367759977e-07,20,12,abd00d5cef12,histgb
torino,hamburg,-5.712208195043632e-07,21,12,abd00d5cef12,histgb
torino,cagliari,-6.384183748274365e-07,22,12,abd00d5cef12,histgb
torino,paris,-6.522169081117928e-07,23,12,abd00d5cef12,histgb
torino,santander,-8.053317312203347e-07,24,12,abd00d5cef12,histgb
torino,bern,-1.0189143595499836e-06,25,12,abd00d5cef12,histgb
torino,rotterdam,-1.0745763494850648e-06,26,12,abd00d5cef12,histgb
torino,losangeles,-1.7549034072632806e-06,27,12,abd00d5cef12,histgb
torino,graz,-1.9712772414399845e-06,28,12,abd00d5cef12,histgb
torino,zurich,-2.345775503337535e-06,29,12,abd00d5cef12,histgb
torino,augsburg,-3.0421330130621903e-06,30,12,abd00d5cef12,histgb
torino,darmstadt,-3.3782639304321924e-06,31,12,abd00d5cef12,histgb
toronto,essen,0.5141344963539691,1,12,abd00d5cef12,histgb
toronto,stuttgart,0.24062507461106625,2,12,abd00d5cef12,histgb
toronto,constance,0.11815513231181499,3,12,abd00d5cef12,histgb
toronto,paris,0.07705640784793058,4,12,abd00d5cef12,histgb
toronto,losangeles,0.049999923831919785,5,12,abd00d5cef12,histgb
toronto,bordeaux,1.4431542142010282e-05,6,12,abd00d5cef12,histgb
toronto,basel,1.3351443748590504e-05,7,12,abd00d5cef12,histgb
toronto,manchester,8.75716589227573e-06,8,12,abd00d5cef12,histgb
toronto,bolton,7.034896751955542e-06,9,12,abd00d5cef12,histgb
toronto,wolfsburg,6.799912127258843e-06,10,12,abd00d5cef12,histgb
toronto,augsburg,6.711286575903823e-06,11,12,abd00d5cef12,histgb
toronto,santander,6.3359573067979685e-06,12,12,abd00d5cef12,histgb
toronto,toulouse,5.294911539238997e-06,13,12,abd00d5cef12,histgb
toronto,torino,4.879491731007879e-06,14,12,abd00d5cef12,histgb
toronto,GLOBAL,1.3948510269523647e-06,15,12,abd00d5cef12,histgb
toronto,taipeh,1.108499491462205e-06,16,12,abd00d5cef12,histgb
toronto,bern,9.77296338978391e-07,17,12,abd00d5cef12,histgb
toronto,luzern,9.742356302474521e-08,18,12,abd00d5cef12,histgb
toronto,strasbourg,2.7739516341520832e-08,19,12,abd00d5cef12,histgb
toronto,madrid,-1.4458159164308236e-07,20,12,abd00d5cef12,histgb
toronto,marseille,-4.899621684307073e-07,21,12,abd00d5cef12,histgb
toronto,hamburg,-6.674358728984781e-07,22,12,abd00d5cef12,histgb
toronto,graz,-9.343717840729074e-07,23,12,abd00d5cef12,histgb
toronto,london,-1.5195836954319485e-06,24,12,abd00d5cef12,histgb
toronto,kassel,-2.026987824292406e-06,25,12,abd00d5cef12,histgb
toronto,zurich,-3.2833257070913006e-06,26,12,abd00d5cef12,histgb
toronto,cagliari,-3.88421443139225e-06,27,12,abd00d5cef12,histgb
toronto,bremen,-5.3943675352258826e-06,28,12,abd00d5cef12,histgb
toronto,speyer,-5.711515048444063e-06,29,12,abd00d5cef12,histgb
toronto,darmstadt,-8.960589519857103e-06,30,12,abd00d5cef12,histgb
toronto,rotterdam,-1.523614492320246e-05,31,12,abd00d5cef12,histgb
toulouse,marseille,0.5149456030262187,1,12,abd00d5cef12,histgb
toulouse,torino,0.2695498149142015,2,12,abd00d5cef12,histgb
toulouse,manchester,0.08139458319341518,3,12,abd00d5cef12,histgb
toulouse,cagliari,0.07318895314147153,4,12,abd00d5cef12,histgb
toulouse,constance,0.03132443333150948,5,12,abd00d5cef12,histgb
toulouse,madrid,0.02519800271783243,6,12,abd00d5cef12,histgb
toulouse,kassel,0.004397700167702524,7,12,abd00d5cef12,histgb
toulouse,bolton,2.844380469077559e-05,8,12,abd00d5cef12,histgb
toulouse,luzern,1.988850643657857e-05,9,12,abd00d5cef12,histgb
toulouse,toronto,1.6777282708841355e-05,10,12,abd00d5cef12,histgb
toulouse,hamburg,1.222193289222392e-05,11,12,abd00d5cef12,histgb
toulouse,paris,1.1903657117484405e-05,12,12,abd00d5cef12,histgb
toulouse,stuttgart,1.0712533484211143e-05,13,12,abd00d5cef12,histgb
toulouse,graz,7.736222189473295e-06,14,12,abd00d5cef12,histgb
toulouse,augsburg,4.859007923662498e-06,15,12,abd00d5cef12,histgb
toulouse,basel,4.565353033261042e-06,16,12,abd00d5cef12,histgb
toulouse,wolfsburg,1.5894295507743918e-06,17,12,abd00d5cef12,histgb
toulouse,taipeh,1.8979786847164278e-07,18,12,abd00d5cef12,histgb
toulouse,bordeaux,-2.3126533213739408e-06,19,12,abd00d5cef12,histgb
toulouse,bremen,-5.01994878114065e-06,20,12,abd00d5cef12,histgb
toulouse,speyer,-5.431449268669682e-06,21,12,abd00d5cef12,histgb
toulouse,darmstadt,-5.577796637444087e-06,22,12,abd00d5cef12,histgb
toulouse,santander,-5.692628083989479e-06,23,12,abd00d5cef12,histgb
toulouse,strasbourg,-6.636498766721687e-06,24,12,abd00d5cef12,histgb
toulouse,GLOBAL,-7.112702346780346e-06,25,12,abd00d5cef12,histgb
toulouse,bern,-7.37001108458873e-06,26,12,abd00d5cef12,histgb
toulouse,essen,-7.971872836831097e-06,27,12,abd00d5cef12,histgb
toulouse,zurich,-1.2722262421400309e-05,28,12,abd00d5cef12,histgb
toulouse,london,-1.2744403416234819e-05,29,12,abd00d5cef12,histgb
toulouse,losangeles,-1.3564863612075347e-05,30,12,abd00d5cef12,histgb
toulouse,rotterdam,-2.574788869976369e-05,31,12,abd00d5cef12,histgb
wolfsburg,bremen,0.5714384967707747,1,12,abd00d5cef12,histgb
wolfsburg,graz,0.1333784076758321,2,12,abd00d5cef12,histgb
wolfsburg,stuttgart,0.09935473298939845,3,12,abd00d5cef12,histgb
wolfsburg,basel,0.0950020575463373,4,12,abd00d5cef12,histgb
wolfsburg,toronto,0.07736751443128285,5,12,abd00d5cef12,histgb
wolfsburg,constance,0.022697535331493282,6,12,abd00d5cef12,histgb
wolfsburg,bern,0.0007209904158335954,7,12,abd00d5cef12,histgb
wolfsburg,losangeles,1.3244089723800462e-05,8,12,abd00d5cef12,histgb
wolfsburg,bolton,6.740703532141116e-06,9,12,abd00d5cef12,histgb
wolfsburg,manchester,5.565470629202033e-06,10,12,abd00d5cef12,histgb
wolfsburg,paris,4.885687306295859e-06,11,12,abd00d5cef12,histgb
wolfsburg,taipeh,3.440775416784774e-06,12,12,abd00d5cef12,histgb
wolfsburg,torino,2.8247513062759174e-06,13,12,abd00d5cef12,histgb
wolfsburg,marseille,2.269371532563323e-06,14,12,abd00d5cef12,histgb
wolfsburg,strasbourg,2.172388516969906e-06,15,12,abd00d5cef12,histgb
wolfsburg,toulouse,2.0401792586480127e-06,16,12,abd00d5cef12,histgb
wolfsburg,bordeaux,1.6888239622446374e-06,17,12,abd00d5cef12,histgb
wolfsburg,cagliari,1.4838374648742954e-06,18,12,abd00d5cef12,histgb
wolfsburg,GLOBAL,1.301390561234674e-06,19,12,abd00d5cef12,histgb
wolfsburg,madrid,6.398446000623022e-07,20,12,abd00d5cef12,histgb
wolfsburg,london,4.128720682550553e-07,21,12,abd00d5cef12,histgb
wolfsburg,zurich,4.0621282432375697e-07,22,12,abd00d5cef12,histgb
wolfsburg,kassel,3.1506943273103446e-07,23,12,abd00d5cef12,histgb
wolfsburg,augsburg,2.3186029471128898e-07,24,12,abd00d5cef12,histgb
wolfsburg,luzern,9.022491012058304e-09,25,12,abd00d5cef12,histgb
wolfsburg,hamburg,-1.8274621225054593e-07,26,12,abd00d5cef12,histgb
wolfsburg,speyer,-2.689241331412295e-07,27,12,abd00d5cef12,histgb
wolfsburg,essen,-5.839275806670676e-07,28,12,abd00d5cef12,histgb
wolfsburg,rotterdam,-7.021905270164066e-07,29,12,abd00d5cef12,histgb
wolfsburg,darmstadt,-1.7901824922906196e-06,30,12,abd00d5cef12,histgb
wolfsburg,santander,-5.737775286398854e-06,31,12,abd00d5cef12,histgb
zurich,hamburg,0.29038988541814853,1,12,abd00d5cef12,histgb
zurich,london,0.17565840319286602,2,12,abd00d5cef12,histgb
zurich,stuttgart,0.1707257185087837,3,12,abd00d5cef12,histgb
zurich,basel,0.11824357407127062,4,12,abd00d5cef12,histgb
zurich,bremen,0.07830687503251156,5,12,abd00d5cef12,histgb
zurich,graz,0.07557487582580683,6,12,abd00d5cef12,histgb
zurich,darmstadt,0.049426458386777006,7,12,abd00d5cef12,histgb
zurich,wolfsburg,0.012068948308815292,8,12,abd00d5cef12,histgb
zurich,kassel,0.010999827824886803,9,12,abd00d5cef12,histgb
zurich,bordeaux,0.010798862131453575,10,12,abd00d5cef12,histgb
zurich,bern,0.007603101823400425,11,12,abd00d5cef12,histgb
zurich,rotterdam,0.00019400914527098053,12,12,abd00d5cef12,histgb
zurich,bolton,2.4190956925770055e-06,13,12,abd00d5cef12,histgb
zurich,manchester,1.6495668725171972e-06,14,12,abd00d5cef12,histgb
zurich,constance,9.023790358340179e-07,15,12,abd00d5cef12,histgb
zurich,paris,7.017682681666299e-07,16,12,abd00d5cef12,histgb
zurich,cagliari,6.599624552937628e-07,17,12,abd00d5cef12,histgb
zurich,strasbourg,5.545524124988445e-07,18,12,abd00d5cef12,histgb
zurich,taipeh,4.834887111929534e-07,19,12,abd00d5cef12,histgb
zurich,toronto,4.3200824238389274e-07,20,12,abd00d5cef12,histgb
zurich,marseille,3.657527265459909e-07,21,12,abd00d5cef12,histgb
zurich,GLOBAL,3.5391637176665767e-07,22,12,abd00d5cef12,histgb
zurich,speyer,2.9213283693536353e-07,23,12,abd00d5cef12,histgb
zurich,essen,2.7171050161663417e-07,24,12,abd00d5cef12,histgb
zurich,toulouse,2.3082916056307493e-07,25,12,abd00d5cef12,histgb
zurich,santander,1.880884793173063e-07,26,12,abd00d5cef12,histgb
zurich,torino,8.630308801856888e-08,27,12,abd00d5cef12,histgb
zurich,madrid,4.8613302406416675e-08,28,12,abd00d5cef12,histgb
zurich,augsburg,3.1020646697845686e-08,29,12,abd00d5cef12,histgb
zurich,luzern,1.269457902438038e-08,30,12,abd00d5cef12,histgb
zurich,losangeles,-2.3368452419177664e-07,31,12,abd00d5cef12,histgb
